,reaction_id,min_flux,max_flux
ABYW00000000_1_ms_medium_gapseq_open_TF_cpd00001_ABYW00000000_1_ms_medium_gapseq_open_e0,ABYW00000000_1_ms_medium_gapseq_open_TF_cpd00001_ABYW00000000_1_ms_medium_gapseq_open_e0,7.500000000000129,7.500000000011897
ABYW00000000_1_ms_medium_gapseq_open_TF_cpd03247_ABYW00000000_1_ms_medium_gapseq_open_e0,ABYW00000000_1_ms_medium_gapseq_open_TF_cpd03247_ABYW00000000_1_ms_medium_gapseq_open_e0,0.0,0.0
ABYW00000000_1_ms_medium_gapseq_open_TF_cpd00033_ABYW00000000_1_ms_medium_gapseq_open_e0,ABYW00000000_1_ms_medium_gapseq_open_TF_cpd00033_ABYW00000000_1_ms_medium_gapseq_open_e0,1.519373619241553e-13,0.0
ABYW00000000_1_ms_medium_gapseq_open_TF_cpd01663_ABYW00000000_1_ms_medium_gapseq_open_e0,ABYW00000000_1_ms_medium_gapseq_open_TF_cpd01663_ABYW00000000_1_ms_medium_gapseq_open_e0,0.0,0.0
ABYW00000000_1_ms_medium_gapseq_open_TF_cpd01318_ABYW00000000_1_ms_medium_gapseq_open_e0,ABYW00000000_1_ms_medium_gapseq_open_TF_cpd01318_ABYW00000000_1_ms_medium_gapseq_open_e0,0.0,0.0
ABYW00000000_1_ms_medium_gapseq_open_TF_cpd00526_ABYW00000000_1_ms_medium_gapseq_open_e0,ABYW00000000_1_ms_medium_gapseq_open_TF_cpd00526_ABYW00000000_1_ms_medium_gapseq_open_e0,0.0,0.0
ABYW00000000_1_ms_medium_gapseq_open_TF_cpd00009_ABYW00000000_1_ms_medium_gapseq_open_e0,ABYW00000000_1_ms_medium_gapseq_open_TF_cpd00009_ABYW00000000_1_ms_medium_gapseq_open_e0,-0.15506412318196963,-0.15506412318196455
ABYW00000000_1_ms_medium_gapseq_open_TF_cpd00023_ABYW00000000_1_ms_medium_gapseq_open_e0,ABYW00000000_1_ms_medium_gapseq_open_TF_cpd00023_ABYW00000000_1_ms_medium_gapseq_open_e0,1.7070573115647103e-13,0.0
ABYW00000000_1_ms_medium_gapseq_open_TF_cpd00028_ABYW00000000_1_ms_medium_gapseq_open_e0,ABYW00000000_1_ms_medium_gapseq_open_TF_cpd00028_ABYW00000000_1_ms_medium_gapseq_open_e0,0.0,0.0
ABYW00000000_1_ms_medium_gapseq_open_TF_cpd00030_ABYW00000000_1_ms_medium_gapseq_open_e0,ABYW00000000_1_ms_medium_gapseq_open_TF_cpd00030_ABYW00000000_1_ms_medium_gapseq_open_e0,0.0,0.0
ABYW00000000_1_ms_medium_gapseq_open_TF_cpd00034_ABYW00000000_1_ms_medium_gapseq_open_e0,ABYW00000000_1_ms_medium_gapseq_open_TF_cpd00034_ABYW00000000_1_ms_medium_gapseq_open_e0,0.0,0.0
ABYW00000000_1_ms_medium_gapseq_open_TF_cpd00039_ABYW00000000_1_ms_medium_gapseq_open_e0,ABYW00000000_1_ms_medium_gapseq_open_TF_cpd00039_ABYW00000000_1_ms_medium_gapseq_open_e0,-0.23620617230907473,-0.236206172308693
ABYW00000000_1_ms_medium_gapseq_open_TF_cpd00041_ABYW00000000_1_ms_medium_gapseq_open_e0,ABYW00000000_1_ms_medium_gapseq_open_TF_cpd00041_ABYW00000000_1_ms_medium_gapseq_open_e0,-8.771617055642715e-15,0.0
ABYW00000000_1_ms_medium_gapseq_open_TF_cpd00051_ABYW00000000_1_ms_medium_gapseq_open_e0,ABYW00000000_1_ms_medium_gapseq_open_TF_cpd00051_ABYW00000000_1_ms_medium_gapseq_open_e0,-0.15926606934926113,-0.15926606934913398
ABYW00000000_1_ms_medium_gapseq_open_TF_cpd00053_ABYW00000000_1_ms_medium_gapseq_open_e0,ABYW00000000_1_ms_medium_gapseq_open_TF_cpd00053_ABYW00000000_1_ms_medium_gapseq_open_e0,-0.21856025282744052,-0.21856025282761773
ABYW00000000_1_ms_medium_gapseq_open_TF_cpd00064_ABYW00000000_1_ms_medium_gapseq_open_e0,ABYW00000000_1_ms_medium_gapseq_open_TF_cpd00064_ABYW00000000_1_ms_medium_gapseq_open_e0,2.3450871545736364e-14,0.0
ABYW00000000_1_ms_medium_gapseq_open_TF_cpd00098_ABYW00000000_1_ms_medium_gapseq_open_e0,ABYW00000000_1_ms_medium_gapseq_open_TF_cpd00098_ABYW00000000_1_ms_medium_gapseq_open_e0,0.0,-5.540469861904969e-15
ABYW00000000_1_ms_medium_gapseq_open_TF_cpd00119_ABYW00000000_1_ms_medium_gapseq_open_e0,ABYW00000000_1_ms_medium_gapseq_open_TF_cpd00119_ABYW00000000_1_ms_medium_gapseq_open_e0,-0.05973646914918495,-0.05973646914917713
ABYW00000000_1_ms_medium_gapseq_open_TF_cpd00129_ABYW00000000_1_ms_medium_gapseq_open_e0,ABYW00000000_1_ms_medium_gapseq_open_TF_cpd00129_ABYW00000000_1_ms_medium_gapseq_open_e0,-0.1173821618780733,-0.11738216187814884
ABYW00000000_1_ms_medium_gapseq_open_TF_cpd00149_ABYW00000000_1_ms_medium_gapseq_open_e0,ABYW00000000_1_ms_medium_gapseq_open_TF_cpd00149_ABYW00000000_1_ms_medium_gapseq_open_e0,-0.002322920195755182,-0.0023229201957551873
ABYW00000000_1_ms_medium_gapseq_open_TF_cpd00156_ABYW00000000_1_ms_medium_gapseq_open_e0,ABYW00000000_1_ms_medium_gapseq_open_TF_cpd00156_ABYW00000000_1_ms_medium_gapseq_open_e0,0.0,0.0
ABYW00000000_1_ms_medium_gapseq_open_TF_cpd00161_ABYW00000000_1_ms_medium_gapseq_open_e0,ABYW00000000_1_ms_medium_gapseq_open_TF_cpd00161_ABYW00000000_1_ms_medium_gapseq_open_e0,-0.13876918902568128,-0.13876918902575955
ABYW00000000_1_ms_medium_gapseq_open_TF_cpd00179_ABYW00000000_1_ms_medium_gapseq_open_e0,ABYW00000000_1_ms_medium_gapseq_open_TF_cpd00179_ABYW00000000_1_ms_medium_gapseq_open_e0,2.5330684174224383e-15,0.0
ABYW00000000_1_ms_medium_gapseq_open_TF_cpd00209_ABYW00000000_1_ms_medium_gapseq_open_e0,ABYW00000000_1_ms_medium_gapseq_open_TF_cpd00209_ABYW00000000_1_ms_medium_gapseq_open_e0,0.0,0.0
ABYW00000000_1_ms_medium_gapseq_open_TF_cpd00244_ABYW00000000_1_ms_medium_gapseq_open_e0,ABYW00000000_1_ms_medium_gapseq_open_TF_cpd00244_ABYW00000000_1_ms_medium_gapseq_open_e0,-0.0009884766794369963,-0.0009884766794369937
ABYW00000000_1_ms_medium_gapseq_open_TF_cpd00305_ABYW00000000_1_ms_medium_gapseq_open_e0,ABYW00000000_1_ms_medium_gapseq_open_TF_cpd00305_ABYW00000000_1_ms_medium_gapseq_open_e0,0.0,0.0
ABYW00000000_1_ms_medium_gapseq_open_TF_cpd00266_ABYW00000000_1_ms_medium_gapseq_open_e0,ABYW00000000_1_ms_medium_gapseq_open_TF_cpd00266_ABYW00000000_1_ms_medium_gapseq_open_e0,0.0,0.0
ABYW00000000_1_ms_medium_gapseq_open_TF_cpd00540_ABYW00000000_1_ms_medium_gapseq_open_e0,ABYW00000000_1_ms_medium_gapseq_open_TF_cpd00540_ABYW00000000_1_ms_medium_gapseq_open_e0,0.0,0.0
ABYW00000000_1_ms_medium_gapseq_open_TF_cpd08305_ABYW00000000_1_ms_medium_gapseq_open_e0,ABYW00000000_1_ms_medium_gapseq_open_TF_cpd08305_ABYW00000000_1_ms_medium_gapseq_open_e0,0.0,0.0
ABYW00000000_1_ms_medium_gapseq_open_TF_cpd10516_ABYW00000000_1_ms_medium_gapseq_open_e0,ABYW00000000_1_ms_medium_gapseq_open_TF_cpd10516_ABYW00000000_1_ms_medium_gapseq_open_e0,0.0,0.0
ABYW00000000_1_ms_medium_gapseq_open_TF_cpd00067_ABYW00000000_1_ms_medium_gapseq_open_e0,ABYW00000000_1_ms_medium_gapseq_open_TF_cpd00067_ABYW00000000_1_ms_medium_gapseq_open_e0,-1.3092815071862476,0.8772274814613734
ABYW00000000_1_ms_medium_gapseq_open_TF_cpd00092_ABYW00000000_1_ms_medium_gapseq_open_e0,ABYW00000000_1_ms_medium_gapseq_open_TF_cpd00092_ABYW00000000_1_ms_medium_gapseq_open_e0,-0.050198844638699974,2.099568521085951
ABYW00000000_1_ms_medium_gapseq_open_TF_cpd00311_ABYW00000000_1_ms_medium_gapseq_open_e0,ABYW00000000_1_ms_medium_gapseq_open_TF_cpd00311_ABYW00000000_1_ms_medium_gapseq_open_e0,-0.22276668262554117,1.9270006832985878
ABYW00000000_1_ms_medium_gapseq_open_TF_cpd00035_ABYW00000000_1_ms_medium_gapseq_open_e0,ABYW00000000_1_ms_medium_gapseq_open_TF_cpd00035_ABYW00000000_1_ms_medium_gapseq_open_e0,-0.1993006771072705,0.15322334931374965
ABYW00000000_1_ms_medium_gapseq_open_TF_cpd00971_ABYW00000000_1_ms_medium_gapseq_open_e0,ABYW00000000_1_ms_medium_gapseq_open_TF_cpd00971_ABYW00000000_1_ms_medium_gapseq_open_e0,2.0896318099631066e-15,2.0896318099631066e-15
ABYW00000000_1_ms_medium_gapseq_open_TF_cpd00084_ABYW00000000_1_ms_medium_gapseq_open_e0,ABYW00000000_1_ms_medium_gapseq_open_TF_cpd00084_ABYW00000000_1_ms_medium_gapseq_open_e0,-0.051945275018794396,-0.05194527501947305
ABYW00000000_1_ms_medium_gapseq_open_TF_cpd00013_ABYW00000000_1_ms_medium_gapseq_open_e0,ABYW00000000_1_ms_medium_gapseq_open_TF_cpd00013_ABYW00000000_1_ms_medium_gapseq_open_e0,1.6456368091902336,2.139457121158018
ABYW00000000_1_ms_medium_gapseq_open_TF_cpd00063_ABYW00000000_1_ms_medium_gapseq_open_e0,ABYW00000000_1_ms_medium_gapseq_open_TF_cpd00063_ABYW00000000_1_ms_medium_gapseq_open_e0,0.0,0.0
ABYW00000000_1_ms_medium_gapseq_open_TF_cpd01012_ABYW00000000_1_ms_medium_gapseq_open_e0,ABYW00000000_1_ms_medium_gapseq_open_TF_cpd01012_ABYW00000000_1_ms_medium_gapseq_open_e0,0.0,0.0
ABYW00000000_1_ms_medium_gapseq_open_TF_cpd00058_ABYW00000000_1_ms_medium_gapseq_open_e0,ABYW00000000_1_ms_medium_gapseq_open_TF_cpd00058_ABYW00000000_1_ms_medium_gapseq_open_e0,0.0,0.0
ABYW00000000_1_ms_medium_gapseq_open_TF_cpd10515_ABYW00000000_1_ms_medium_gapseq_open_e0,ABYW00000000_1_ms_medium_gapseq_open_TF_cpd10515_ABYW00000000_1_ms_medium_gapseq_open_e0,0.0,0.0
ABYW00000000_1_ms_medium_gapseq_open_TF_cpd00047_ABYW00000000_1_ms_medium_gapseq_open_e0,ABYW00000000_1_ms_medium_gapseq_open_TF_cpd00047_ABYW00000000_1_ms_medium_gapseq_open_e0,-4.750708439453541,-3.9043641011740053
ABYW00000000_1_ms_medium_gapseq_open_TF_cpd00106_ABYW00000000_1_ms_medium_gapseq_open_e0,ABYW00000000_1_ms_medium_gapseq_open_TF_cpd00106_ABYW00000000_1_ms_medium_gapseq_open_e0,1.098456685804424,1.592276997879343
ABYW00000000_1_ms_medium_gapseq_open_TF_cpd01262_ABYW00000000_1_ms_medium_gapseq_open_e0,ABYW00000000_1_ms_medium_gapseq_open_TF_cpd01262_ABYW00000000_1_ms_medium_gapseq_open_e0,0.0,0.0
ABYW00000000_1_ms_medium_gapseq_open_TF_cpd00060_ABYW00000000_1_ms_medium_gapseq_open_e0,ABYW00000000_1_ms_medium_gapseq_open_TF_cpd00060_ABYW00000000_1_ms_medium_gapseq_open_e0,-4.377116596212483,-3.5307722579470497
ABYW00000000_1_ms_medium_gapseq_open_TF_cpd00075_ABYW00000000_1_ms_medium_gapseq_open_e0,ABYW00000000_1_ms_medium_gapseq_open_TF_cpd00075_ABYW00000000_1_ms_medium_gapseq_open_e0,0.0,0.0
ABYW00000000_1_ms_medium_gapseq_open_TF_cpd01132_ABYW00000000_1_ms_medium_gapseq_open_e0,ABYW00000000_1_ms_medium_gapseq_open_TF_cpd01132_ABYW00000000_1_ms_medium_gapseq_open_e0,0.0,0.0
ABYW00000000_1_ms_medium_gapseq_open_TF_cpd00065_ABYW00000000_1_ms_medium_gapseq_open_e0,ABYW00000000_1_ms_medium_gapseq_open_TF_cpd00065_ABYW00000000_1_ms_medium_gapseq_open_e0,0.0,3.251209728839059e-14
ABYW00000000_1_ms_medium_gapseq_open_TF_cpd00132_ABYW00000000_1_ms_medium_gapseq_open_e0,ABYW00000000_1_ms_medium_gapseq_open_TF_cpd00132_ABYW00000000_1_ms_medium_gapseq_open_e0,-0.1081230091580855,-0.10812300916213398
ABYW00000000_1_ms_medium_gapseq_open_TF_cpd01015_ABYW00000000_1_ms_medium_gapseq_open_e0,ABYW00000000_1_ms_medium_gapseq_open_TF_cpd01015_ABYW00000000_1_ms_medium_gapseq_open_e0,0.0,0.0
ABYW00000000_1_ms_medium_gapseq_open_TF_cpd01107_ABYW00000000_1_ms_medium_gapseq_open_e0,ABYW00000000_1_ms_medium_gapseq_open_TF_cpd01107_ABYW00000000_1_ms_medium_gapseq_open_e0,0.0,0.0
ABYW00000000_1_ms_medium_gapseq_open_TF_cpd01741_ABYW00000000_1_ms_medium_gapseq_open_e0,ABYW00000000_1_ms_medium_gapseq_open_TF_cpd01741_ABYW00000000_1_ms_medium_gapseq_open_e0,8.729039573190111e-15,0.0
ABYW00000000_1_ms_medium_gapseq_open_TF_cpd03847_ABYW00000000_1_ms_medium_gapseq_open_e0,ABYW00000000_1_ms_medium_gapseq_open_TF_cpd03847_ABYW00000000_1_ms_medium_gapseq_open_e0,0.0,0.0
ABYW00000000_1_ms_medium_gapseq_open_TF_cpd15298_ABYW00000000_1_ms_medium_gapseq_open_e0,ABYW00000000_1_ms_medium_gapseq_open_TF_cpd15298_ABYW00000000_1_ms_medium_gapseq_open_e0,0.0,0.0
ABYW00000000_1_ms_medium_gapseq_open_TF_cpd00214_ABYW00000000_1_ms_medium_gapseq_open_e0,ABYW00000000_1_ms_medium_gapseq_open_TF_cpd00214_ABYW00000000_1_ms_medium_gapseq_open_e0,0.0,0.0
ABYW00000000_1_ms_medium_gapseq_open_TF_cpd15237_ABYW00000000_1_ms_medium_gapseq_open_e0,ABYW00000000_1_ms_medium_gapseq_open_TF_cpd15237_ABYW00000000_1_ms_medium_gapseq_open_e0,0.0,0.0
ABYW00000000_1_ms_medium_gapseq_open_TF_cpd01080_ABYW00000000_1_ms_medium_gapseq_open_e0,ABYW00000000_1_ms_medium_gapseq_open_TF_cpd01080_ABYW00000000_1_ms_medium_gapseq_open_e0,0.0,0.0
ABYW00000000_1_ms_medium_gapseq_open_TF_cpd15269_ABYW00000000_1_ms_medium_gapseq_open_e0,ABYW00000000_1_ms_medium_gapseq_open_TF_cpd15269_ABYW00000000_1_ms_medium_gapseq_open_e0,0.0,0.0
ABYW00000000_1_ms_medium_gapseq_open_TF_cpd01113_ABYW00000000_1_ms_medium_gapseq_open_e0,ABYW00000000_1_ms_medium_gapseq_open_TF_cpd01113_ABYW00000000_1_ms_medium_gapseq_open_e0,0.0,0.0
ABYW00000000_1_ms_medium_gapseq_open_TF_cpd03846_ABYW00000000_1_ms_medium_gapseq_open_e0,ABYW00000000_1_ms_medium_gapseq_open_TF_cpd03846_ABYW00000000_1_ms_medium_gapseq_open_e0,0.0,0.0
ABYW00000000_1_ms_medium_gapseq_open_TF_cpd00531_ABYW00000000_1_ms_medium_gapseq_open_e0,ABYW00000000_1_ms_medium_gapseq_open_TF_cpd00531_ABYW00000000_1_ms_medium_gapseq_open_e0,0.0,0.0
ABYW00000000_1_ms_medium_gapseq_open_TF_cpd00205_ABYW00000000_1_ms_medium_gapseq_open_e0,ABYW00000000_1_ms_medium_gapseq_open_TF_cpd00205_ABYW00000000_1_ms_medium_gapseq_open_e0,0.0,0.0
ABYW00000000_1_ms_medium_gapseq_open_TF_cpd00254_ABYW00000000_1_ms_medium_gapseq_open_e0,ABYW00000000_1_ms_medium_gapseq_open_TF_cpd00254_ABYW00000000_1_ms_medium_gapseq_open_e0,0.0,0.0
ABYW00000000_1_ms_medium_gapseq_open_TF_cpd00036_ABYW00000000_1_ms_medium_gapseq_open_e0,ABYW00000000_1_ms_medium_gapseq_open_TF_cpd00036_ABYW00000000_1_ms_medium_gapseq_open_e0,-2.1514194592018363e-13,0.0
ABYW00000000_1_ms_medium_gapseq_open_TF_cpd04097_ABYW00000000_1_ms_medium_gapseq_open_e0,ABYW00000000_1_ms_medium_gapseq_open_TF_cpd04097_ABYW00000000_1_ms_medium_gapseq_open_e0,0.0,0.0
ABYW00000000_1_ms_medium_gapseq_open_TF_cpd00010_ABYW00000000_1_ms_medium_gapseq_open_e0,ABYW00000000_1_ms_medium_gapseq_open_TF_cpd00010_ABYW00000000_1_ms_medium_gapseq_open_e0,-9.884766702112845e-05,-9.884766702577779e-05
ABYW00000000_1_ms_medium_gapseq_open_TF_cpd00054_ABYW00000000_1_ms_medium_gapseq_open_e0,ABYW00000000_1_ms_medium_gapseq_open_TF_cpd00054_ABYW00000000_1_ms_medium_gapseq_open_e0,-1.5687969131711564e-13,0.0
ABYW00000000_1_ms_medium_gapseq_open_TF_cpd11451_ABYW00000000_1_ms_medium_gapseq_open_e0,ABYW00000000_1_ms_medium_gapseq_open_TF_cpd11451_ABYW00000000_1_ms_medium_gapseq_open_e0,-0.2103222771616909,-0.21032227723240912
ABYW00000000_1_ms_medium_gapseq_open_TF_cpd11606_ABYW00000000_1_ms_medium_gapseq_open_e0,ABYW00000000_1_ms_medium_gapseq_open_TF_cpd11606_ABYW00000000_1_ms_medium_gapseq_open_e0,0.21032227710853676,0.21032227715000457
ABYW00000000_1_ms_medium_gapseq_open_TF_cpd17026_ABYW00000000_1_ms_medium_gapseq_open_e0,ABYW00000000_1_ms_medium_gapseq_open_TF_cpd17026_ABYW00000000_1_ms_medium_gapseq_open_e0,0.0,0.0
ABYW00000000_1_ms_medium_gapseq_open_TF_cpd17027_ABYW00000000_1_ms_medium_gapseq_open_e0,ABYW00000000_1_ms_medium_gapseq_open_TF_cpd17027_ABYW00000000_1_ms_medium_gapseq_open_e0,0.0,1.6801684997019572e-13
ABYW00000000_1_ms_medium_gapseq_open_TF_cpd00393_ABYW00000000_1_ms_medium_gapseq_open_e0,ABYW00000000_1_ms_medium_gapseq_open_TF_cpd00393_ABYW00000000_1_ms_medium_gapseq_open_e0,-4.9423835815350244e-05,-4.942383581535312e-05
ABYW00000000_1_ms_medium_gapseq_open_TF_cpd11746_ABYW00000000_1_ms_medium_gapseq_open_e0,ABYW00000000_1_ms_medium_gapseq_open_TF_cpd11746_ABYW00000000_1_ms_medium_gapseq_open_e0,0.0,0.0
ABYW00000000_1_ms_medium_gapseq_open_TF_cpd01376_ABYW00000000_1_ms_medium_gapseq_open_e0,ABYW00000000_1_ms_medium_gapseq_open_TF_cpd01376_ABYW00000000_1_ms_medium_gapseq_open_e0,0.0,0.0
ABYW00000000_1_ms_medium_gapseq_open_TF_cpd90021_ABYW00000000_1_ms_medium_gapseq_open_e0,ABYW00000000_1_ms_medium_gapseq_open_TF_cpd90021_ABYW00000000_1_ms_medium_gapseq_open_e0,0.0,2.0357626752855832e-16
ABYW00000000_1_ms_medium_gapseq_open_TF_cpd90022_ABYW00000000_1_ms_medium_gapseq_open_e0,ABYW00000000_1_ms_medium_gapseq_open_TF_cpd90022_ABYW00000000_1_ms_medium_gapseq_open_e0,0.0,6.110971032650912e-14
ABYW00000000_1_ms_medium_gapseq_open_TF_cpd00011_ABYW00000000_1_ms_medium_gapseq_open_e0,ABYW00000000_1_ms_medium_gapseq_open_TF_cpd00011_ABYW00000000_1_ms_medium_gapseq_open_e0,7.0061796879143445,7.5000000000000115
ABYW00000000_1_ms_medium_gapseq_open_TF_cpd00007_ABYW00000000_1_ms_medium_gapseq_open_e0,ABYW00000000_1_ms_medium_gapseq_open_TF_cpd00007_ABYW00000000_1_ms_medium_gapseq_open_e0,-1.1993436163871342e-19,0.0
ABYW00000000_1_ms_medium_gapseq_open_TF_cpd01981_ABYW00000000_1_ms_medium_gapseq_open_e0,ABYW00000000_1_ms_medium_gapseq_open_TF_cpd01981_ABYW00000000_1_ms_medium_gapseq_open_e0,0.0,0.0
ABYW00000000_1_ms_medium_gapseq_open_TF_cpd00029_ABYW00000000_1_ms_medium_gapseq_open_e0,ABYW00000000_1_ms_medium_gapseq_open_TF_cpd00029_ABYW00000000_1_ms_medium_gapseq_open_e0,7.500000000012337,7.500000000000236
ABYW00000000_1_ms_medium_gapseq_open_TF_cpd00141_ABYW00000000_1_ms_medium_gapseq_open_e0,ABYW00000000_1_ms_medium_gapseq_open_TF_cpd00141_ABYW00000000_1_ms_medium_gapseq_open_e0,3.250906899981908,4.097251238248123
ABYW00000000_1_ms_medium_gapseq_open_TF_cpd00073_ABYW00000000_1_ms_medium_gapseq_open_e0,ABYW00000000_1_ms_medium_gapseq_open_TF_cpd00073_ABYW00000000_1_ms_medium_gapseq_open_e0,0.018288002165394356,0.01828800215747039
ABYW00000000_1_ms_medium_gapseq_open_TF_cpd01861_ABYW00000000_1_ms_medium_gapseq_open_e0,ABYW00000000_1_ms_medium_gapseq_open_TF_cpd01861_ABYW00000000_1_ms_medium_gapseq_open_e0,3.695007547007126e-13,2.5040231822470603e-11
ABYW00000000_1_ms_medium_gapseq_open_TF_cpd00453_ABYW00000000_1_ms_medium_gapseq_open_e0,ABYW00000000_1_ms_medium_gapseq_open_TF_cpd00453_ABYW00000000_1_ms_medium_gapseq_open_e0,-5.649858634567471e-16,0.0
ABYW00000000_1_ms_medium_gapseq_open_TF_cpd00071_ABYW00000000_1_ms_medium_gapseq_open_e0,ABYW00000000_1_ms_medium_gapseq_open_TF_cpd00071_ABYW00000000_1_ms_medium_gapseq_open_e0,3.0850659192567655,3.9314102576853394
ABYW00000000_1_ms_medium_gapseq_open_TF_cpd00150_ABYW00000000_1_ms_medium_gapseq_open_e0,ABYW00000000_1_ms_medium_gapseq_open_TF_cpd00150_ABYW00000000_1_ms_medium_gapseq_open_e0,-9.103630361019926e-13,-2.282201311684814e-14
ABYW00000000_1_ms_medium_gapseq_open_TF_cpd08021_ABYW00000000_1_ms_medium_gapseq_open_e0,ABYW00000000_1_ms_medium_gapseq_open_TF_cpd08021_ABYW00000000_1_ms_medium_gapseq_open_e0,0.0,0.0
ABYW00000000_1_ms_medium_gapseq_open_TF_cpd00450_ABYW00000000_1_ms_medium_gapseq_open_e0,ABYW00000000_1_ms_medium_gapseq_open_TF_cpd00450_ABYW00000000_1_ms_medium_gapseq_open_e0,0.0,0.0
ABYW00000000_1_ms_medium_gapseq_open_TF_cpd00363_ABYW00000000_1_ms_medium_gapseq_open_e0,ABYW00000000_1_ms_medium_gapseq_open_TF_cpd00363_ABYW00000000_1_ms_medium_gapseq_open_e0,-2.499999999994934,-2.4999999996927897
ABYW00000000_1_ms_medium_gapseq_open_TF_cpd00055_ABYW00000000_1_ms_medium_gapseq_open_e0,ABYW00000000_1_ms_medium_gapseq_open_TF_cpd00055_ABYW00000000_1_ms_medium_gapseq_open_e0,-4.384593902818141e-20,8.481944198739233e-12
ABYW00000000_1_ms_medium_gapseq_open_TF_cpd00448_ABYW00000000_1_ms_medium_gapseq_open_e0,ABYW00000000_1_ms_medium_gapseq_open_TF_cpd00448_ABYW00000000_1_ms_medium_gapseq_open_e0,1.8383661966224336,1.838366198888561
ABYW00000000_1_ms_medium_gapseq_open_TF_cpd00025_ABYW00000000_1_ms_medium_gapseq_open_e0,ABYW00000000_1_ms_medium_gapseq_open_TF_cpd00025_ABYW00000000_1_ms_medium_gapseq_open_e0,0.0,3.6959204621230036e-13
ABYW00000000_1_ms_medium_gapseq_open_TF_cpd00239_ABYW00000000_1_ms_medium_gapseq_open_e0,ABYW00000000_1_ms_medium_gapseq_open_TF_cpd00239_ABYW00000000_1_ms_medium_gapseq_open_e0,-0.41285079312368994,-0.41285079299829425
ABYW00000000_1_ms_medium_gapseq_open_TF_cpd11640_ABYW00000000_1_ms_medium_gapseq_open_e0,ABYW00000000_1_ms_medium_gapseq_open_TF_cpd11640_ABYW00000000_1_ms_medium_gapseq_open_e0,-2.5000000000000004,-2.499999999997086
ABYW00000000_1_ms_medium_gapseq_open_TF_cpd00359_ABYW00000000_1_ms_medium_gapseq_open_e0,ABYW00000000_1_ms_medium_gapseq_open_TF_cpd00359_ABYW00000000_1_ms_medium_gapseq_open_e0,-0.03972475198333299,-0.03972475198656267
ABYW00000000_1_ms_medium_gapseq_open_TF_cpd11574_ABYW00000000_1_ms_medium_gapseq_open_e0,ABYW00000000_1_ms_medium_gapseq_open_TF_cpd11574_ABYW00000000_1_ms_medium_gapseq_open_e0,0.0,0.0
ABYW00000000_1_ms_medium_gapseq_open_TF_cpd00659_ABYW00000000_1_ms_medium_gapseq_open_e0,ABYW00000000_1_ms_medium_gapseq_open_TF_cpd00659_ABYW00000000_1_ms_medium_gapseq_open_e0,0.0,0.0
ABYW00000000_1_ms_medium_gapseq_open_TF_cpd00418_ABYW00000000_1_ms_medium_gapseq_open_e0,ABYW00000000_1_ms_medium_gapseq_open_TF_cpd00418_ABYW00000000_1_ms_medium_gapseq_open_e0,0.0,0.0
ABYW00000000_1_ms_medium_gapseq_open_TF_cpd00371_ABYW00000000_1_ms_medium_gapseq_open_e0,ABYW00000000_1_ms_medium_gapseq_open_TF_cpd00371_ABYW00000000_1_ms_medium_gapseq_open_e0,0.0,0.0
ABYW00000000_1_ms_medium_gapseq_open_TF_cpd00811_ABYW00000000_1_ms_medium_gapseq_open_e0,ABYW00000000_1_ms_medium_gapseq_open_TF_cpd00811_ABYW00000000_1_ms_medium_gapseq_open_e0,0.0,0.0
ABYW00000000_1_ms_medium_gapseq_open_TF_cpd00324_ABYW00000000_1_ms_medium_gapseq_open_e0,ABYW00000000_1_ms_medium_gapseq_open_TF_cpd00324_ABYW00000000_1_ms_medium_gapseq_open_e0,3.860888042822316,4.707232379603616
ABYW00000000_1_ms_medium_gapseq_open_TF_cpd01024_ABYW00000000_1_ms_medium_gapseq_open_e0,ABYW00000000_1_ms_medium_gapseq_open_TF_cpd01024_ABYW00000000_1_ms_medium_gapseq_open_e0,7.499999999988793,7.4999999999999964
ABYW00000000_1_ms_medium_gapseq_open_TF_cpd00204_ABYW00000000_1_ms_medium_gapseq_open_e0,ABYW00000000_1_ms_medium_gapseq_open_TF_cpd00204_ABYW00000000_1_ms_medium_gapseq_open_e0,0.0,6.789907084347404e-13
ABYW00000000_1_ms_medium_gapseq_open_TF_cpd00116_ABYW00000000_1_ms_medium_gapseq_open_e0,ABYW00000000_1_ms_medium_gapseq_open_TF_cpd00116_ABYW00000000_1_ms_medium_gapseq_open_e0,0.0,0.0
ABYW00000000_1_ms_medium_gapseq_open_TF_cpd00528_ABYW00000000_1_ms_medium_gapseq_open_e0,ABYW00000000_1_ms_medium_gapseq_open_TF_cpd00528_ABYW00000000_1_ms_medium_gapseq_open_e0,1.6535563691454169e-13,0.0
ABYW00000000_1_ms_medium_gapseq_open_TF_cpd11632_ABYW00000000_1_ms_medium_gapseq_open_e0,ABYW00000000_1_ms_medium_gapseq_open_TF_cpd11632_ABYW00000000_1_ms_medium_gapseq_open_e0,0.0,0.0
ABYW00000000_1_ms_medium_gapseq_open_TF_cpd03662_ABYW00000000_1_ms_medium_gapseq_open_e0,ABYW00000000_1_ms_medium_gapseq_open_TF_cpd03662_ABYW00000000_1_ms_medium_gapseq_open_e0,0.0,0.0
ABYW00000000_1_ms_medium_gapseq_open_TF_cpd00178_ABYW00000000_1_ms_medium_gapseq_open_e0,ABYW00000000_1_ms_medium_gapseq_open_TF_cpd00178_ABYW00000000_1_ms_medium_gapseq_open_e0,0.0,0.0
ABYW00000000_1_ms_medium_gapseq_open_TF_cpd01618_ABYW00000000_1_ms_medium_gapseq_open_e0,ABYW00000000_1_ms_medium_gapseq_open_TF_cpd01618_ABYW00000000_1_ms_medium_gapseq_open_e0,0.0,0.0
ABYW00000000_1_ms_medium_gapseq_open_TF_cpd00138_ABYW00000000_1_ms_medium_gapseq_open_e0,ABYW00000000_1_ms_medium_gapseq_open_TF_cpd00138_ABYW00000000_1_ms_medium_gapseq_open_e0,-1.4318452192177702,-0.5855008814806084
ABYW00000000_1_ms_medium_gapseq_open_TF_cpd00322_ABYW00000000_1_ms_medium_gapseq_open_e0,ABYW00000000_1_ms_medium_gapseq_open_TF_cpd00322_ABYW00000000_1_ms_medium_gapseq_open_e0,0.0,0.0
ABYW00000000_1_ms_medium_gapseq_open_TF_cpd00066_ABYW00000000_1_ms_medium_gapseq_open_e0,ABYW00000000_1_ms_medium_gapseq_open_TF_cpd00066_ABYW00000000_1_ms_medium_gapseq_open_e0,0.0,1.3172361829116125e-13
ABYW00000000_1_ms_medium_gapseq_open_TF_cpd00069_ABYW00000000_1_ms_medium_gapseq_open_e0,ABYW00000000_1_ms_medium_gapseq_open_TF_cpd00069_ABYW00000000_1_ms_medium_gapseq_open_e0,-0.08136301828598157,-0.08136301828122058
ABYW00000000_1_ms_medium_gapseq_open_TF_cpd00220_ABYW00000000_1_ms_medium_gapseq_open_e0,ABYW00000000_1_ms_medium_gapseq_open_TF_cpd00220_ABYW00000000_1_ms_medium_gapseq_open_e0,8.531958519295606e-18,-2.0582769316629634e-13
ABYW00000000_1_ms_medium_gapseq_open_TF_cpd00218_ABYW00000000_1_ms_medium_gapseq_open_e0,ABYW00000000_1_ms_medium_gapseq_open_TF_cpd00218_ABYW00000000_1_ms_medium_gapseq_open_e0,0.17952252627581416,0.17952252627940088
ABYW00000000_1_ms_medium_gapseq_open_TF_cpd00644_ABYW00000000_1_ms_medium_gapseq_open_e0,ABYW00000000_1_ms_medium_gapseq_open_TF_cpd00644_ABYW00000000_1_ms_medium_gapseq_open_e0,-5.374939696643103e-13,-9.117169684326713e-17
ABYW00000000_1_ms_medium_gapseq_open_TF_cpd00048_ABYW00000000_1_ms_medium_gapseq_open_e0,ABYW00000000_1_ms_medium_gapseq_open_TF_cpd00048_ABYW00000000_1_ms_medium_gapseq_open_e0,-0.010181309790827696,-0.010181309790827016
ABYW00000000_1_ms_medium_gapseq_open_TF_cpd00027_ABYW00000000_1_ms_medium_gapseq_open_e0,ABYW00000000_1_ms_medium_gapseq_open_TF_cpd00027_ABYW00000000_1_ms_medium_gapseq_open_e0,-0.020040080164485493,-0.020040080157229915
ABYW00000000_1_ms_medium_gapseq_open_TF_cpd00082_ABYW00000000_1_ms_medium_gapseq_open_e0,ABYW00000000_1_ms_medium_gapseq_open_TF_cpd00082_ABYW00000000_1_ms_medium_gapseq_open_e0,0.0200400802000039,0.02004008015429302
ABYW00000000_1_ms_medium_gapseq_open_TF_cpd00121_ABYW00000000_1_ms_medium_gapseq_open_e0,ABYW00000000_1_ms_medium_gapseq_open_TF_cpd00121_ABYW00000000_1_ms_medium_gapseq_open_e0,-0.015478567609289756,-0.015478567601883429
ABYW00000000_1_ms_medium_gapseq_open_TF_cpd00249_ABYW00000000_1_ms_medium_gapseq_open_e0,ABYW00000000_1_ms_medium_gapseq_open_TF_cpd00249_ABYW00000000_1_ms_medium_gapseq_open_e0,0.0,-3.913784325445921e-12
ABYW00000000_1_ms_medium_gapseq_open_TF_cpd00221_ABYW00000000_1_ms_medium_gapseq_open_e0,ABYW00000000_1_ms_medium_gapseq_open_TF_cpd00221_ABYW00000000_1_ms_medium_gapseq_open_e0,-2.5000000000000004,-2.4999999999780256
ABYW00000000_1_ms_medium_gapseq_open_TF_cpd00100_ABYW00000000_1_ms_medium_gapseq_open_e0,ABYW00000000_1_ms_medium_gapseq_open_TF_cpd00100_ABYW00000000_1_ms_medium_gapseq_open_e0,-2.5000000000000004,-2.4999999999832894
ABYW00000000_1_ms_medium_gapseq_open_TF_cpd00105_ABYW00000000_1_ms_medium_gapseq_open_e0,ABYW00000000_1_ms_medium_gapseq_open_TF_cpd00105_ABYW00000000_1_ms_medium_gapseq_open_e0,-1.0360795824674259e-13,0.0
ABYW00000000_1_ms_medium_gapseq_open_TF_cpd00118_ABYW00000000_1_ms_medium_gapseq_open_e0,ABYW00000000_1_ms_medium_gapseq_open_TF_cpd00118_ABYW00000000_1_ms_medium_gapseq_open_e0,-4.640088737592137e-12,4.115070829952594e-12
ABYW00000000_1_ms_medium_gapseq_open_TF_cpd00264_ABYW00000000_1_ms_medium_gapseq_open_e0,ABYW00000000_1_ms_medium_gapseq_open_TF_cpd00264_ABYW00000000_1_ms_medium_gapseq_open_e0,0.0006931172763973235,0.0006931172741536566
ABYW00000000_1_ms_medium_gapseq_open_TF_cpd00277_ABYW00000000_1_ms_medium_gapseq_open_e0,ABYW00000000_1_ms_medium_gapseq_open_TF_cpd00277_ABYW00000000_1_ms_medium_gapseq_open_e0,-1.2309752431025893,0.07244778456325576
ABYW00000000_1_ms_medium_gapseq_open_TF_cpd00367_ABYW00000000_1_ms_medium_gapseq_open_e0,ABYW00000000_1_ms_medium_gapseq_open_TF_cpd00367_ABYW00000000_1_ms_medium_gapseq_open_e0,0.0,4.108197882028691e-12
ABYW00000000_1_ms_medium_gapseq_open_TF_cpd00412_ABYW00000000_1_ms_medium_gapseq_open_e0,ABYW00000000_1_ms_medium_gapseq_open_TF_cpd00412_ABYW00000000_1_ms_medium_gapseq_open_e0,-2.149767366340408,0.0
ABYW00000000_1_ms_medium_gapseq_open_TF_cpd01217_ABYW00000000_1_ms_medium_gapseq_open_e0,ABYW00000000_1_ms_medium_gapseq_open_TF_cpd01217_ABYW00000000_1_ms_medium_gapseq_open_e0,-2.1497673659017655,-3.342203853788045e-13
ABYW00000000_1_ms_medium_gapseq_open_TF_cpd00003_ABYW00000000_1_ms_medium_gapseq_open_e0,ABYW00000000_1_ms_medium_gapseq_open_TF_cpd00003_ABYW00000000_1_ms_medium_gapseq_open_e0,-0.17858347345568798,-0.17858347342074637
ABYW00000000_1_ms_medium_gapseq_open_TF_cpd00309_ABYW00000000_1_ms_medium_gapseq_open_e0,ABYW00000000_1_ms_medium_gapseq_open_TF_cpd00309_ABYW00000000_1_ms_medium_gapseq_open_e0,9.569777379989645e-13,2.1497673659544856
ABYW00000000_1_ms_medium_gapseq_open_TF_cpd00159_ABYW00000000_1_ms_medium_gapseq_open_e0,ABYW00000000_1_ms_medium_gapseq_open_TF_cpd00159_ABYW00000000_1_ms_medium_gapseq_open_e0,-5.0,-5.000000000169739
ABYW00000000_1_ms_medium_gapseq_open_TF_cpd00268_ABYW00000000_1_ms_medium_gapseq_open_e0,ABYW00000000_1_ms_medium_gapseq_open_TF_cpd00268_ABYW00000000_1_ms_medium_gapseq_open_e0,-3.694785353118507e-27,0.0
ABYW00000000_1_ms_medium_gapseq_open_TF_cpd00182_ABYW00000000_1_ms_medium_gapseq_open_e0,ABYW00000000_1_ms_medium_gapseq_open_TF_cpd00182_ABYW00000000_1_ms_medium_gapseq_open_e0,0.047051489961014464,0.0470514898994103
ABYW00000000_1_ms_medium_gapseq_open_TF_cpd00246_ABYW00000000_1_ms_medium_gapseq_open_e0,ABYW00000000_1_ms_medium_gapseq_open_TF_cpd00246_ABYW00000000_1_ms_medium_gapseq_open_e0,1.687554975620068e-12,1.0000033633428164e-11
ABYW00000000_1_ms_medium_gapseq_open_TF_cpd00489_ABYW00000000_1_ms_medium_gapseq_open_e0,ABYW00000000_1_ms_medium_gapseq_open_TF_cpd00489_ABYW00000000_1_ms_medium_gapseq_open_e0,0.0,-1.276192951008796e-12
ABYW00000000_1_ms_medium_gapseq_open_TF_cpd00281_ABYW00000000_1_ms_medium_gapseq_open_e0,ABYW00000000_1_ms_medium_gapseq_open_TF_cpd00281_ABYW00000000_1_ms_medium_gapseq_open_e0,0.0,1.0440149924759103e-11
ABYW00000000_1_ms_medium_gapseq_open_TF_cpd00210_ABYW00000000_1_ms_medium_gapseq_open_e0,ABYW00000000_1_ms_medium_gapseq_open_TF_cpd00210_ABYW00000000_1_ms_medium_gapseq_open_e0,0.0,-3.1660439254132433e-12
EX_cpd00001_medium,EX_cpd00001_medium,0.0,-3.5949433505251344e-12
EX_cpd03247_medium,EX_cpd03247_medium,0.0,8.318232982514949e-14
EX_cpd00033_medium,EX_cpd00033_medium,0.0,8.230906624072346e-13
EX_cpd01663_medium,EX_cpd01663_medium,0.0,-6.120642995251287e-32
EX_cpd01318_medium,EX_cpd01318_medium,6.383573965703396e-12,0.0
EX_cpd00526_medium,EX_cpd00526_medium,0.0,0.0
EX_cpd00009_medium,EX_cpd00009_medium,-5.68921395670295,-5.689213957885394
EX_cpd00023_medium,EX_cpd00023_medium,0.0,-1.907135200261613e-11
EX_cpd00028_medium,EX_cpd00028_medium,0.0,-3.6190207220537617e-12
EX_cpd00030_medium,EX_cpd00030_medium,-0.0012810349618695405,-0.0012810349575863769
EX_cpd00034_medium,EX_cpd00034_medium,-0.0012810349575859644,-0.001281034957586446
EX_cpd00039_medium,EX_cpd00039_medium,0.0,-1.7158494726221293e-10
EX_cpd00041_medium,EX_cpd00041_medium,0.0,8.8610070028869e-12
EX_cpd00051_medium,EX_cpd00051_medium,-0.20927081877789402,-0.2092708188505454
EX_cpd00053_medium,EX_cpd00053_medium,0.2711945210413206,1.1175388577216763
EX_cpd00064_medium,EX_cpd00064_medium,0.0,-8.910520786913858e-13
EX_cpd00098_medium,EX_cpd00098_medium,0.0,0.0
EX_cpd00119_medium,EX_cpd00119_medium,-0.0755302303360882,-0.07553023033940114
EX_cpd00129_medium,EX_cpd00129_medium,0.0,-2.8317664414051057e-11
EX_cpd00149_medium,EX_cpd00149_medium,-0.003603955153344343,-0.003603955153341564
EX_cpd00156_medium,EX_cpd00156_medium,0.0,0.0
EX_cpd00161_medium,EX_cpd00161_medium,0.0,-1.2222490429016136e-11
EX_cpd00179_medium,EX_cpd00179_medium,0.0,-1.8517750686442507e-12
EX_cpd00209_medium,EX_cpd00209_medium,0.0,0.0
EX_cpd00244_medium,EX_cpd00244_medium,-0.0009884766794368987,-0.0009884766794369937
EX_cpd00305_medium,EX_cpd00305_medium,0.0,-1.1326272616355363e-12
EX_cpd00266_medium,EX_cpd00266_medium,0.0,0.0
EX_cpd00540_medium,EX_cpd00540_medium,0.0,2.133226501882069e-28
EX_cpd08305_medium,EX_cpd08305_medium,0.0,0.0
EX_cpd10516_medium,EX_cpd10516_medium,-0.001281034964956972,-0.0012810349575863946
EX_cpd00067_medium,EX_cpd00067_medium,17.47989544131719,19.17258411409088
EX_cpd00092_medium,EX_cpd00092_medium,0.0,1.0100793283516998e-11
EX_cpd00311_medium,EX_cpd00311_medium,0.0,1.8892383067478742e-13
EX_cpd00035_medium,EX_cpd00035_medium,0.0,-2.3095565223723026e-12
EX_cpd00971_medium,EX_cpd00971_medium,3.477115308266985e-13,-3.944899083787196e-15
EX_cpd00084_medium,EX_cpd00084_medium,-2.5519452750353437,-2.5519452749655187
EX_cpd00013_medium,EX_cpd00013_medium,0.13883368552934622,0.9851780253381381
EX_cpd00063_medium,EX_cpd00063_medium,-0.0012810349498929027,-0.0012810349575863769
EX_cpd01012_medium,EX_cpd01012_medium,0.0,0.0
EX_cpd00058_medium,EX_cpd00058_medium,-0.0012810349575867008,-0.0012810349575862463
EX_cpd10515_medium,EX_cpd10515_medium,-0.0026672695064060736,-0.002667269503832666
EX_cpd00047_medium,EX_cpd00047_medium,0.0,7.78475269077965e-12
EX_cpd00106_medium,EX_cpd00106_medium,0.0,2.570015565437166e-11
EX_cpd01262_medium,EX_cpd01262_medium,0.0,0.0
EX_cpd00060_medium,EX_cpd00060_medium,-6.877116596330755,-6.0307722563642985
EX_cpd00075_medium,EX_cpd00075_medium,0.0,-2.9305891631679467e-11
EX_cpd01132_medium,EX_cpd01132_medium,0.0,0.0
EX_cpd00065_medium,EX_cpd00065_medium,0.0,2.8369950481387e-12
EX_cpd00132_medium,EX_cpd00132_medium,0.0,-1.7450860413490354e-11
EX_cpd01015_medium,EX_cpd01015_medium,0.0,0.0
EX_cpd01107_medium,EX_cpd01107_medium,0.0,-1.245272879097157e-12
EX_cpd01741_medium,EX_cpd01741_medium,0.0,1.6456706513844028e-12
EX_cpd03847_medium,EX_cpd03847_medium,0.0,0.0
EX_cpd15298_medium,EX_cpd15298_medium,0.0,0.0
EX_cpd00214_medium,EX_cpd00214_medium,0.0,0.0
EX_cpd15237_medium,EX_cpd15237_medium,0.0,0.0
EX_cpd01080_medium,EX_cpd01080_medium,0.0,-9.869833106696333e-13
EX_cpd15269_medium,EX_cpd15269_medium,0.0,0.0
EX_cpd01113_medium,EX_cpd01113_medium,0.0,0.0
EX_cpd03846_medium,EX_cpd03846_medium,0.0,0.0
EX_cpd00531_medium,EX_cpd00531_medium,0.0,0.0
EX_cpd00205_medium,EX_cpd00205_medium,-0.0012810349575863877,-0.0012810349575863229
EX_cpd00254_medium,EX_cpd00254_medium,-0.0012810349575855299,-0.0012810349575863762
EX_cpd00036_medium,EX_cpd00036_medium,2.1474759727880226,2.500000000009105
EX_cpd04097_medium,EX_cpd04097_medium,0.0,0.0
EX_cpd00010_medium,EX_cpd00010_medium,0.0,3.4532257568935986e-12
EX_cpd00054_medium,EX_cpd00054_medium,0.0,-1.567890959265534e-11
EX_cpd11451_medium,EX_cpd11451_medium,0.0,0.0
EX_cpd11606_medium,EX_cpd11606_medium,0.0,0.0
EX_cpd17026_medium,EX_cpd17026_medium,-1.71247423126178e-11,0.0
EX_cpd17027_medium,EX_cpd17027_medium,0.0,7.126964579567851e-29
EX_cpd00393_medium,EX_cpd00393_medium,-0.0021287756616140004,-0.002128775662698682
EX_cpd11746_medium,EX_cpd11746_medium,0.0,0.0
EX_cpd01376_medium,EX_cpd01376_medium,0.0,-5.486196135679424e-12
EX_cpd90021_medium,EX_cpd90021_medium,0.0,1.1999804508383358e-18
EX_cpd90022_medium,EX_cpd90022_medium,0.0,-5.191863103117028e-13
EX_cpd00011_medium,EX_cpd00011_medium,9.153655660946722,10.00000000000001
EX_cpd00007_medium,EX_cpd00007_medium,0.0,1.1367675054849668e-12
EX_cpd01981_medium,EX_cpd01981_medium,0.0,8.130600142838397e-12
EX_cpd00029_medium,EX_cpd00029_medium,12.773273637994535,13.619617977551288
EX_cpd00141_medium,EX_cpd00141_medium,2.093914237188204,2.446438259913952
EX_cpd00073_medium,EX_cpd00073_medium,0.018288002198207746,0.01828800214828357
EX_cpd01861_medium,EX_cpd01861_medium,0.0,-9.666630201274518e-13
EX_cpd00453_medium,EX_cpd00453_medium,0.0,2.587678544733218e-12
EX_cpd00071_medium,EX_cpd00071_medium,0.5850659190308409,1.4314102589292999
EX_cpd00150_medium,EX_cpd00150_medium,0.0,6.393821041265968e-16
EX_cpd08021_medium,EX_cpd08021_medium,0.0,0.0
EX_cpd00450_medium,EX_cpd00450_medium,7.013171041156661e-12,0.0
EX_cpd00363_medium,EX_cpd00363_medium,0.0,-1.5721370954632977e-11
EX_cpd00055_medium,EX_cpd00055_medium,0.0,4.904107815400616e-12
EX_cpd00448_medium,EX_cpd00448_medium,0.0,3.1165432747786006e-12
EX_cpd00025_medium,EX_cpd00025_medium,0.0,4.3845939028158626e-20
EX_cpd00239_medium,EX_cpd00239_medium,2.07039682201822,2.0703968225705034
EX_cpd11640_medium,EX_cpd11640_medium,0.0,3.052613029303274e-11
EX_cpd00359_medium,EX_cpd00359_medium,0.0,1.5779386609183972e-13
EX_cpd11574_medium,EX_cpd11574_medium,0.0,0.0
EX_cpd00659_medium,EX_cpd00659_medium,0.0,0.0
EX_cpd00418_medium,EX_cpd00418_medium,0.0,0.0
EX_cpd00371_medium,EX_cpd00371_medium,0.0,0.0
EX_cpd00811_medium,EX_cpd00811_medium,0.0,0.0
EX_cpd00324_medium,EX_cpd00324_medium,6.333187697044046,7.179532037889499
EX_cpd01024_medium,EX_cpd01024_medium,7.500000000013533,7.499999999999982
EX_cpd00204_medium,EX_cpd00204_medium,0.0,-7.31606137482941e-12
EX_cpd00116_medium,EX_cpd00116_medium,0.0,-9.423854631288965e-12
EX_cpd00528_medium,EX_cpd00528_medium,-1.9036931025112773e-13,0.0
EX_cpd11632_medium,EX_cpd11632_medium,0.0,5.996718081935671e-20
EX_cpd03662_medium,EX_cpd03662_medium,0.0,0.0
EX_cpd00178_medium,EX_cpd00178_medium,0.0,0.0
EX_cpd01618_medium,EX_cpd01618_medium,0.0,0.0
EX_cpd00138_medium,EX_cpd00138_medium,0.0,-1.365717965211869e-13
EX_cpd00322_medium,EX_cpd00322_medium,1.3235461809716097e-11,0.0
EX_cpd00066_medium,EX_cpd00066_medium,0.0,9.849996115806445e-14
EX_cpd00069_medium,EX_cpd00069_medium,0.0,2.4668947732675507e-12
EX_cpd00220_medium,EX_cpd00220_medium,-0.0013862345505274694,-0.001386234550660755
EX_cpd00218_medium,EX_cpd00218_medium,0.17952252627140897,0.17952252627685575
EX_cpd00644_medium,EX_cpd00644_medium,0.0,1.1687755243753494e-12
EX_cpd00048_medium,EX_cpd00048_medium,-0.011462344765214892,-0.011462344748207341
EX_cpd00027_medium,EX_cpd00027_medium,0.0,2.2244306276383447e-12
EX_cpd00082_medium,EX_cpd00082_medium,0.0,1.482238731437287e-12
EX_cpd00121_medium,EX_cpd00121_medium,0.0,-7.73138567301424e-13
EX_cpd00159_medium,EX_cpd00159_medium,0.0,7.1724193114154215e-12
EX_cpd00246_medium,EX_cpd00246_medium,0.0,9.676751914311367e-13
EX_cpd00249_medium,EX_cpd00249_medium,0.0,1.0386468950137733e-12
EX_cpd00221_medium,EX_cpd00221_medium,0.0,1.4449125806137334e-13
EX_cpd00100_medium,EX_cpd00100_medium,0.0,1.2401393565799896e-11
EX_cpd00489_medium,EX_cpd00489_medium,0.0,1.1993436163871337e-19
EX_cpd00105_medium,EX_cpd00105_medium,0.0,-3.729760804567888e-12
EX_cpd00003_medium,EX_cpd00003_medium,0.0,-2.5281382943434377e-12
EX_cpd00118_medium,EX_cpd00118_medium,0.0,6.9030244584281735e-12
EX_cpd00182_medium,EX_cpd00182_medium,0.0,1.1853717735231607e-12
EX_cpd00210_medium,EX_cpd00210_medium,0.0,0.0
EX_cpd00264_medium,EX_cpd00264_medium,0.0,1.2358708062748965e-12
EX_cpd00268_medium,EX_cpd00268_medium,0.0,0.0
EX_cpd00277_medium,EX_cpd00277_medium,0.0,8.17782299202948e-13
EX_cpd00281_medium,EX_cpd00281_medium,0.0,-2.902584095177591e-11
EX_cpd00309_medium,EX_cpd00309_medium,0.0,-2.672235371625086e-12
EX_cpd00367_medium,EX_cpd00367_medium,0.0,2.318531651890817e-12
EX_cpd00412_medium,EX_cpd00412_medium,0.0,1.733560406420488e-12
EX_cpd01217_medium,EX_cpd01217_medium,0.0,3.1933571462549847e-13
ABYW00000000_1_ms_medium_gapseq_open_to_community_biomass,ABYW00000000_1_ms_medium_gapseq_open_to_community_biomass,0.5268623151485827,0.5268623151485324
NC_004663_1_ms_b_tim_medium_gapseq_open_TF_cpd00009_NC_004663_1_ms_b_tim_medium_gapseq_open_e0,NC_004663_1_ms_b_tim_medium_gapseq_open_TF_cpd00009_NC_004663_1_ms_b_tim_medium_gapseq_open_e0,-5.534149833591193,-5.534149825238023
NC_004663_1_ms_b_tim_medium_gapseq_open_TF_cpd00027_NC_004663_1_ms_b_tim_medium_gapseq_open_e0,NC_004663_1_ms_b_tim_medium_gapseq_open_TF_cpd00027_NC_004663_1_ms_b_tim_medium_gapseq_open_e0,0.02004008016379704,0.020040080179536617
NC_004663_1_ms_b_tim_medium_gapseq_open_TF_cpd00028_NC_004663_1_ms_b_tim_medium_gapseq_open_e0,NC_004663_1_ms_b_tim_medium_gapseq_open_TF_cpd00028_NC_004663_1_ms_b_tim_medium_gapseq_open_e0,0.0,-5.539309700848126e-12
NC_004663_1_ms_b_tim_medium_gapseq_open_TF_cpd00030_NC_004663_1_ms_b_tim_medium_gapseq_open_e0,NC_004663_1_ms_b_tim_medium_gapseq_open_TF_cpd00030_NC_004663_1_ms_b_tim_medium_gapseq_open_e0,-0.001281034957586336,-0.001281034957586371
NC_004663_1_ms_b_tim_medium_gapseq_open_TF_cpd00034_NC_004663_1_ms_b_tim_medium_gapseq_open_e0,NC_004663_1_ms_b_tim_medium_gapseq_open_TF_cpd00034_NC_004663_1_ms_b_tim_medium_gapseq_open_e0,-0.0012810349575867119,-0.001281034957586374
NC_004663_1_ms_b_tim_medium_gapseq_open_TF_cpd00048_NC_004663_1_ms_b_tim_medium_gapseq_open_e0,NC_004663_1_ms_b_tim_medium_gapseq_open_TF_cpd00048_NC_004663_1_ms_b_tim_medium_gapseq_open_e0,-0.0012810349628644146,-0.001281034957586713
NC_004663_1_ms_b_tim_medium_gapseq_open_TF_cpd00098_NC_004663_1_ms_b_tim_medium_gapseq_open_e0,NC_004663_1_ms_b_tim_medium_gapseq_open_TF_cpd00098_NC_004663_1_ms_b_tim_medium_gapseq_open_e0,0.0,0.0
NC_004663_1_ms_b_tim_medium_gapseq_open_TF_cpd00118_NC_004663_1_ms_b_tim_medium_gapseq_open_e0,NC_004663_1_ms_b_tim_medium_gapseq_open_TF_cpd00118_NC_004663_1_ms_b_tim_medium_gapseq_open_e0,-6.138331500331256e-12,3.128697143442667e-11
NC_004663_1_ms_b_tim_medium_gapseq_open_TF_cpd00119_NC_004663_1_ms_b_tim_medium_gapseq_open_e0,NC_004663_1_ms_b_tim_medium_gapseq_open_TF_cpd00119_NC_004663_1_ms_b_tim_medium_gapseq_open_e0,-0.015793761243669248,-0.015793761189437257
NC_004663_1_ms_b_tim_medium_gapseq_open_TF_cpd00129_NC_004663_1_ms_b_tim_medium_gapseq_open_e0,NC_004663_1_ms_b_tim_medium_gapseq_open_TF_cpd00129_NC_004663_1_ms_b_tim_medium_gapseq_open_e0,0.1173821618781489,0.11738216189086079
NC_004663_1_ms_b_tim_medium_gapseq_open_TF_cpd00149_NC_004663_1_ms_b_tim_medium_gapseq_open_e0,NC_004663_1_ms_b_tim_medium_gapseq_open_TF_cpd00149_NC_004663_1_ms_b_tim_medium_gapseq_open_e0,-0.001281034957586038,-0.0012810349575864374
NC_004663_1_ms_b_tim_medium_gapseq_open_TF_cpd00179_NC_004663_1_ms_b_tim_medium_gapseq_open_e0,NC_004663_1_ms_b_tim_medium_gapseq_open_TF_cpd00179_NC_004663_1_ms_b_tim_medium_gapseq_open_e0,0.0,4.561997334377987e-16
NC_004663_1_ms_b_tim_medium_gapseq_open_TF_cpd00224_NC_004663_1_ms_b_tim_medium_gapseq_open_e0,NC_004663_1_ms_b_tim_medium_gapseq_open_TF_cpd00224_NC_004663_1_ms_b_tim_medium_gapseq_open_e0,0.0,4.675415796320269e-12
NC_004663_1_ms_b_tim_medium_gapseq_open_TF_cpd00244_NC_004663_1_ms_b_tim_medium_gapseq_open_e0,NC_004663_1_ms_b_tim_medium_gapseq_open_TF_cpd00244_NC_004663_1_ms_b_tim_medium_gapseq_open_e0,0.0,0.0
NC_004663_1_ms_b_tim_medium_gapseq_open_TF_cpd00264_NC_004663_1_ms_b_tim_medium_gapseq_open_e0,NC_004663_1_ms_b_tim_medium_gapseq_open_TF_cpd00264_NC_004663_1_ms_b_tim_medium_gapseq_open_e0,-0.0006931172752637077,-0.0006931172734610409
NC_004663_1_ms_b_tim_medium_gapseq_open_TF_cpd00268_NC_004663_1_ms_b_tim_medium_gapseq_open_e0,NC_004663_1_ms_b_tim_medium_gapseq_open_TF_cpd00268_NC_004663_1_ms_b_tim_medium_gapseq_open_e0,-1.5380195432965564e-11,0.0
NC_004663_1_ms_b_tim_medium_gapseq_open_TF_cpd00540_NC_004663_1_ms_b_tim_medium_gapseq_open_e0,NC_004663_1_ms_b_tim_medium_gapseq_open_TF_cpd00540_NC_004663_1_ms_b_tim_medium_gapseq_open_e0,-2.4733627475324906e-12,-1.480914512493366e-14
NC_004663_1_ms_b_tim_medium_gapseq_open_TF_cpd10516_NC_004663_1_ms_b_tim_medium_gapseq_open_e0,NC_004663_1_ms_b_tim_medium_gapseq_open_TF_cpd10516_NC_004663_1_ms_b_tim_medium_gapseq_open_e0,-0.001281034964652185,-0.001281034957586363
NC_004663_1_ms_b_tim_medium_gapseq_open_TF_cpd00067_NC_004663_1_ms_b_tim_medium_gapseq_open_e0,NC_004663_1_ms_b_tim_medium_gapseq_open_TF_cpd00067_NC_004663_1_ms_b_tim_medium_gapseq_open_e0,17.942832610133976,18.78917694463244
NC_004663_1_ms_b_tim_medium_gapseq_open_TF_cpd00092_NC_004663_1_ms_b_tim_medium_gapseq_open_e0,NC_004663_1_ms_b_tim_medium_gapseq_open_TF_cpd00092_NC_004663_1_ms_b_tim_medium_gapseq_open_e0,-2.099568520466452,0.0501988445096879
NC_004663_1_ms_b_tim_medium_gapseq_open_TF_cpd00367_NC_004663_1_ms_b_tim_medium_gapseq_open_e0,NC_004663_1_ms_b_tim_medium_gapseq_open_TF_cpd00367_NC_004663_1_ms_b_tim_medium_gapseq_open_e0,-2.3818666585518543e-12,1.8961727787310228e-12
NC_004663_1_ms_b_tim_medium_gapseq_open_TF_cpd00184_NC_004663_1_ms_b_tim_medium_gapseq_open_e0,NC_004663_1_ms_b_tim_medium_gapseq_open_TF_cpd00184_NC_004663_1_ms_b_tim_medium_gapseq_open_e0,0.0,1.3735612826344212e-12
NC_004663_1_ms_b_tim_medium_gapseq_open_TF_cpd00309_NC_004663_1_ms_b_tim_medium_gapseq_open_e0,NC_004663_1_ms_b_tim_medium_gapseq_open_TF_cpd00309_NC_004663_1_ms_b_tim_medium_gapseq_open_e0,-1.9504666888249365,-2.956627961202035e-12
NC_004663_1_ms_b_tim_medium_gapseq_open_TF_cpd00311_NC_004663_1_ms_b_tim_medium_gapseq_open_e0,NC_004663_1_ms_b_tim_medium_gapseq_open_TF_cpd00311_NC_004663_1_ms_b_tim_medium_gapseq_open_e0,-1.9270006832750655,0.2227666826254161
NC_004663_1_ms_b_tim_medium_gapseq_open_TF_cpd00130_NC_004663_1_ms_b_tim_medium_gapseq_open_e0,NC_004663_1_ms_b_tim_medium_gapseq_open_TF_cpd00130_NC_004663_1_ms_b_tim_medium_gapseq_open_e0,0.0,2.886705635895689e-11
NC_004663_1_ms_b_tim_medium_gapseq_open_TF_cpd00971_NC_004663_1_ms_b_tim_medium_gapseq_open_e0,NC_004663_1_ms_b_tim_medium_gapseq_open_TF_cpd00971_NC_004663_1_ms_b_tim_medium_gapseq_open_e0,0.0,0.0
NC_004663_1_ms_b_tim_medium_gapseq_open_TF_cpd00137_NC_004663_1_ms_b_tim_medium_gapseq_open_e0,NC_004663_1_ms_b_tim_medium_gapseq_open_TF_cpd00137_NC_004663_1_ms_b_tim_medium_gapseq_open_e0,0.0,-8.685494557425304e-12
NC_004663_1_ms_b_tim_medium_gapseq_open_TF_cpd00035_NC_004663_1_ms_b_tim_medium_gapseq_open_e0,NC_004663_1_ms_b_tim_medium_gapseq_open_TF_cpd00035_NC_004663_1_ms_b_tim_medium_gapseq_open_e0,-0.1532233492015709,0.19930068016698999
NC_004663_1_ms_b_tim_medium_gapseq_open_TF_cpd00053_NC_004663_1_ms_b_tim_medium_gapseq_open_e0,NC_004663_1_ms_b_tim_medium_gapseq_open_TF_cpd00053_NC_004663_1_ms_b_tim_medium_gapseq_open_e0,0.4897547728074213,1.3360991117992989
NC_004663_1_ms_b_tim_medium_gapseq_open_TF_cpd00041_NC_004663_1_ms_b_tim_medium_gapseq_open_e0,NC_004663_1_ms_b_tim_medium_gapseq_open_TF_cpd00041_NC_004663_1_ms_b_tim_medium_gapseq_open_e0,0.0,4.740739052357929e-11
NC_004663_1_ms_b_tim_medium_gapseq_open_TF_cpd00084_NC_004663_1_ms_b_tim_medium_gapseq_open_e0,NC_004663_1_ms_b_tim_medium_gapseq_open_TF_cpd00084_NC_004663_1_ms_b_tim_medium_gapseq_open_e0,-2.5000000000263496,-2.4999999999023648
NC_004663_1_ms_b_tim_medium_gapseq_open_TF_cpd00023_NC_004663_1_ms_b_tim_medium_gapseq_open_e0,NC_004663_1_ms_b_tim_medium_gapseq_open_TF_cpd00023_NC_004663_1_ms_b_tim_medium_gapseq_open_e0,0.0,3.025744466889639e-11
NC_004663_1_ms_b_tim_medium_gapseq_open_TF_cpd00051_NC_004663_1_ms_b_tim_medium_gapseq_open_e0,NC_004663_1_ms_b_tim_medium_gapseq_open_TF_cpd00051_NC_004663_1_ms_b_tim_medium_gapseq_open_e0,-0.05000474946740339,-0.050004749428169286
NC_004663_1_ms_b_tim_medium_gapseq_open_TF_cpd00039_NC_004663_1_ms_b_tim_medium_gapseq_open_e0,NC_004663_1_ms_b_tim_medium_gapseq_open_TF_cpd00039_NC_004663_1_ms_b_tim_medium_gapseq_open_e0,0.23620617224378435,0.23620617259368665
NC_004663_1_ms_b_tim_medium_gapseq_open_TF_cpd00246_NC_004663_1_ms_b_tim_medium_gapseq_open_e0,NC_004663_1_ms_b_tim_medium_gapseq_open_TF_cpd00246_NC_004663_1_ms_b_tim_medium_gapseq_open_e0,-1.6051197672211364e-11,3.818877629023137e-12
NC_004663_1_ms_b_tim_medium_gapseq_open_TF_cpd00182_NC_004663_1_ms_b_tim_medium_gapseq_open_e0,NC_004663_1_ms_b_tim_medium_gapseq_open_TF_cpd00182_NC_004663_1_ms_b_tim_medium_gapseq_open_e0,-0.0470514899002288,-0.04705148990691193
NC_004663_1_ms_b_tim_medium_gapseq_open_TF_cpd00013_NC_004663_1_ms_b_tim_medium_gapseq_open_e0,NC_004663_1_ms_b_tim_medium_gapseq_open_TF_cpd00013_NC_004663_1_ms_b_tim_medium_gapseq_open_e0,-2.0006234351198042,-0.6604587838548015
NC_004663_1_ms_b_tim_medium_gapseq_open_TF_cpd00139_NC_004663_1_ms_b_tim_medium_gapseq_open_e0,NC_004663_1_ms_b_tim_medium_gapseq_open_TF_cpd00139_NC_004663_1_ms_b_tim_medium_gapseq_open_e0,0.0,1.0525688336097414e-11
NC_004663_1_ms_b_tim_medium_gapseq_open_TF_cpd00029_NC_004663_1_ms_b_tim_medium_gapseq_open_e0,NC_004663_1_ms_b_tim_medium_gapseq_open_TF_cpd00029_NC_004663_1_ms_b_tim_medium_gapseq_open_e0,5.273273637887795,6.1196179779196385
NC_004663_1_ms_b_tim_medium_gapseq_open_TF_cpd04098_NC_004663_1_ms_b_tim_medium_gapseq_open_e0,NC_004663_1_ms_b_tim_medium_gapseq_open_TF_cpd04098_NC_004663_1_ms_b_tim_medium_gapseq_open_e0,0.0,0.0
NC_004663_1_ms_b_tim_medium_gapseq_open_TF_cpd00132_NC_004663_1_ms_b_tim_medium_gapseq_open_e0,NC_004663_1_ms_b_tim_medium_gapseq_open_TF_cpd00132_NC_004663_1_ms_b_tim_medium_gapseq_open_e0,0.10812300913902415,0.10812300920286526
NC_004663_1_ms_b_tim_medium_gapseq_open_TF_cpd00063_NC_004663_1_ms_b_tim_medium_gapseq_open_e0,NC_004663_1_ms_b_tim_medium_gapseq_open_TF_cpd00063_NC_004663_1_ms_b_tim_medium_gapseq_open_e0,-0.0012810349575865972,-0.0012810349575862912
NC_004663_1_ms_b_tim_medium_gapseq_open_TF_cpd01012_NC_004663_1_ms_b_tim_medium_gapseq_open_e0,NC_004663_1_ms_b_tim_medium_gapseq_open_TF_cpd01012_NC_004663_1_ms_b_tim_medium_gapseq_open_e0,0.0,0.0
NC_004663_1_ms_b_tim_medium_gapseq_open_TF_cpd00058_NC_004663_1_ms_b_tim_medium_gapseq_open_e0,NC_004663_1_ms_b_tim_medium_gapseq_open_TF_cpd00058_NC_004663_1_ms_b_tim_medium_gapseq_open_e0,-0.001281034957587551,-0.0012810349575863914
NC_004663_1_ms_b_tim_medium_gapseq_open_TF_cpd10515_NC_004663_1_ms_b_tim_medium_gapseq_open_e0,NC_004663_1_ms_b_tim_medium_gapseq_open_TF_cpd10515_NC_004663_1_ms_b_tim_medium_gapseq_open_e0,-0.0026672695121651635,-0.0026672694852990946
NC_004663_1_ms_b_tim_medium_gapseq_open_TF_cpd00047_NC_004663_1_ms_b_tim_medium_gapseq_open_e0,NC_004663_1_ms_b_tim_medium_gapseq_open_TF_cpd00047_NC_004663_1_ms_b_tim_medium_gapseq_open_e0,3.9043641012195383,4.750708438888037
NC_004663_1_ms_b_tim_medium_gapseq_open_TF_cpd00106_NC_004663_1_ms_b_tim_medium_gapseq_open_e0,NC_004663_1_ms_b_tim_medium_gapseq_open_TF_cpd00106_NC_004663_1_ms_b_tim_medium_gapseq_open_e0,-1.5922769975474627,-1.0984566855496767
NC_004663_1_ms_b_tim_medium_gapseq_open_TF_cpd00108_NC_004663_1_ms_b_tim_medium_gapseq_open_e0,NC_004663_1_ms_b_tim_medium_gapseq_open_TF_cpd00108_NC_004663_1_ms_b_tim_medium_gapseq_open_e0,0.0,7.462868740971055e-12
NC_004663_1_ms_b_tim_medium_gapseq_open_TF_cpd00276_NC_004663_1_ms_b_tim_medium_gapseq_open_e0,NC_004663_1_ms_b_tim_medium_gapseq_open_TF_cpd00276_NC_004663_1_ms_b_tim_medium_gapseq_open_e0,0.0,1.5208195076959267e-12
NC_004663_1_ms_b_tim_medium_gapseq_open_TF_cpd00222_NC_004663_1_ms_b_tim_medium_gapseq_open_e0,NC_004663_1_ms_b_tim_medium_gapseq_open_TF_cpd00222_NC_004663_1_ms_b_tim_medium_gapseq_open_e0,0.0,0.0
NC_004663_1_ms_b_tim_medium_gapseq_open_TF_cpd00033_NC_004663_1_ms_b_tim_medium_gapseq_open_e0,NC_004663_1_ms_b_tim_medium_gapseq_open_TF_cpd00033_NC_004663_1_ms_b_tim_medium_gapseq_open_e0,1.3833991696360741e-11,7.081395624799561e-12
NC_004663_1_ms_b_tim_medium_gapseq_open_TF_cpd00121_NC_004663_1_ms_b_tim_medium_gapseq_open_e0,NC_004663_1_ms_b_tim_medium_gapseq_open_TF_cpd00121_NC_004663_1_ms_b_tim_medium_gapseq_open_e0,0.015478567566521674,0.015478567617173679
NC_004663_1_ms_b_tim_medium_gapseq_open_TF_cpd00205_NC_004663_1_ms_b_tim_medium_gapseq_open_e0,NC_004663_1_ms_b_tim_medium_gapseq_open_TF_cpd00205_NC_004663_1_ms_b_tim_medium_gapseq_open_e0,-0.001281034957586361,-0.0012810349575863758
NC_004663_1_ms_b_tim_medium_gapseq_open_TF_cpd00208_NC_004663_1_ms_b_tim_medium_gapseq_open_e0,NC_004663_1_ms_b_tim_medium_gapseq_open_TF_cpd00208_NC_004663_1_ms_b_tim_medium_gapseq_open_e0,0.0,-5.663082881839763e-13
NC_004663_1_ms_b_tim_medium_gapseq_open_TF_cpd00159_NC_004663_1_ms_b_tim_medium_gapseq_open_e0,NC_004663_1_ms_b_tim_medium_gapseq_open_TF_cpd00159_NC_004663_1_ms_b_tim_medium_gapseq_open_e0,4.999999999771966,4.999999999999641
NC_004663_1_ms_b_tim_medium_gapseq_open_TF_cpd01262_NC_004663_1_ms_b_tim_medium_gapseq_open_e0,NC_004663_1_ms_b_tim_medium_gapseq_open_TF_cpd01262_NC_004663_1_ms_b_tim_medium_gapseq_open_e0,0.0,0.0
NC_004663_1_ms_b_tim_medium_gapseq_open_TF_cpd00138_NC_004663_1_ms_b_tim_medium_gapseq_open_e0,NC_004663_1_ms_b_tim_medium_gapseq_open_TF_cpd00138_NC_004663_1_ms_b_tim_medium_gapseq_open_e0,0.5855008808302153,1.43184521936607
NC_004663_1_ms_b_tim_medium_gapseq_open_TF_cpd00060_NC_004663_1_ms_b_tim_medium_gapseq_open_e0,NC_004663_1_ms_b_tim_medium_gapseq_open_TF_cpd00060_NC_004663_1_ms_b_tim_medium_gapseq_open_e0,-2.5000000000000004,-2.499999999725684
NC_004663_1_ms_b_tim_medium_gapseq_open_TF_cpd11574_NC_004663_1_ms_b_tim_medium_gapseq_open_e0,NC_004663_1_ms_b_tim_medium_gapseq_open_TF_cpd11574_NC_004663_1_ms_b_tim_medium_gapseq_open_e0,0.0,0.0
NC_004663_1_ms_b_tim_medium_gapseq_open_TF_cpd00064_NC_004663_1_ms_b_tim_medium_gapseq_open_e0,NC_004663_1_ms_b_tim_medium_gapseq_open_TF_cpd00064_NC_004663_1_ms_b_tim_medium_gapseq_open_e0,0.0,-4.742203877089096e-12
NC_004663_1_ms_b_tim_medium_gapseq_open_TF_cpd00012_NC_004663_1_ms_b_tim_medium_gapseq_open_e0,NC_004663_1_ms_b_tim_medium_gapseq_open_TF_cpd00012_NC_004663_1_ms_b_tim_medium_gapseq_open_e0,2.4999999963025332,2.5
NC_004663_1_ms_b_tim_medium_gapseq_open_TF_cpd01132_NC_004663_1_ms_b_tim_medium_gapseq_open_e0,NC_004663_1_ms_b_tim_medium_gapseq_open_TF_cpd01132_NC_004663_1_ms_b_tim_medium_gapseq_open_e0,0.0,0.0
NC_004663_1_ms_b_tim_medium_gapseq_open_TF_cpd00396_NC_004663_1_ms_b_tim_medium_gapseq_open_e0,NC_004663_1_ms_b_tim_medium_gapseq_open_TF_cpd00396_NC_004663_1_ms_b_tim_medium_gapseq_open_e0,0.0,1.169139283687998e-13
NC_004663_1_ms_b_tim_medium_gapseq_open_TF_cpd00036_NC_004663_1_ms_b_tim_medium_gapseq_open_e0,NC_004663_1_ms_b_tim_medium_gapseq_open_TF_cpd00036_NC_004663_1_ms_b_tim_medium_gapseq_open_e0,2.147475969292632,2.5000000000283906
NC_004663_1_ms_b_tim_medium_gapseq_open_TF_cpd00154_NC_004663_1_ms_b_tim_medium_gapseq_open_e0,NC_004663_1_ms_b_tim_medium_gapseq_open_TF_cpd00154_NC_004663_1_ms_b_tim_medium_gapseq_open_e0,0.0,0.0
NC_004663_1_ms_b_tim_medium_gapseq_open_TF_cpd00280_NC_004663_1_ms_b_tim_medium_gapseq_open_e0,NC_004663_1_ms_b_tim_medium_gapseq_open_TF_cpd00280_NC_004663_1_ms_b_tim_medium_gapseq_open_e0,0.0,0.0
NC_004663_1_ms_b_tim_medium_gapseq_open_TF_cpd01217_NC_004663_1_ms_b_tim_medium_gapseq_open_e0,NC_004663_1_ms_b_tim_medium_gapseq_open_TF_cpd01217_NC_004663_1_ms_b_tim_medium_gapseq_open_e0,-4.555249498957601e-14,2.149767366022428
NC_004663_1_ms_b_tim_medium_gapseq_open_TF_cpd00099_NC_004663_1_ms_b_tim_medium_gapseq_open_e0,NC_004663_1_ms_b_tim_medium_gapseq_open_TF_cpd00099_NC_004663_1_ms_b_tim_medium_gapseq_open_e0,-0.001281034957587287,-0.0012810349575864606
NC_004663_1_ms_b_tim_medium_gapseq_open_TF_cpd00221_NC_004663_1_ms_b_tim_medium_gapseq_open_e0,NC_004663_1_ms_b_tim_medium_gapseq_open_TF_cpd00221_NC_004663_1_ms_b_tim_medium_gapseq_open_e0,2.4999999999790434,2.5000000000000004
NC_004663_1_ms_b_tim_medium_gapseq_open_TF_cpd01107_NC_004663_1_ms_b_tim_medium_gapseq_open_e0,NC_004663_1_ms_b_tim_medium_gapseq_open_TF_cpd01107_NC_004663_1_ms_b_tim_medium_gapseq_open_e0,0.0,0.0
NC_004663_1_ms_b_tim_medium_gapseq_open_TF_cpd01741_NC_004663_1_ms_b_tim_medium_gapseq_open_e0,NC_004663_1_ms_b_tim_medium_gapseq_open_TF_cpd01741_NC_004663_1_ms_b_tim_medium_gapseq_open_e0,0.0,1.160833992330239e-12
NC_004663_1_ms_b_tim_medium_gapseq_open_TF_cpd03847_NC_004663_1_ms_b_tim_medium_gapseq_open_e0,NC_004663_1_ms_b_tim_medium_gapseq_open_TF_cpd03847_NC_004663_1_ms_b_tim_medium_gapseq_open_e0,0.0,0.0
NC_004663_1_ms_b_tim_medium_gapseq_open_TF_cpd15298_NC_004663_1_ms_b_tim_medium_gapseq_open_e0,NC_004663_1_ms_b_tim_medium_gapseq_open_TF_cpd15298_NC_004663_1_ms_b_tim_medium_gapseq_open_e0,0.0,0.0
NC_004663_1_ms_b_tim_medium_gapseq_open_TF_cpd00214_NC_004663_1_ms_b_tim_medium_gapseq_open_e0,NC_004663_1_ms_b_tim_medium_gapseq_open_TF_cpd00214_NC_004663_1_ms_b_tim_medium_gapseq_open_e0,0.0,0.0
NC_004663_1_ms_b_tim_medium_gapseq_open_TF_cpd15237_NC_004663_1_ms_b_tim_medium_gapseq_open_e0,NC_004663_1_ms_b_tim_medium_gapseq_open_TF_cpd15237_NC_004663_1_ms_b_tim_medium_gapseq_open_e0,0.0,0.0
NC_004663_1_ms_b_tim_medium_gapseq_open_TF_cpd01080_NC_004663_1_ms_b_tim_medium_gapseq_open_e0,NC_004663_1_ms_b_tim_medium_gapseq_open_TF_cpd01080_NC_004663_1_ms_b_tim_medium_gapseq_open_e0,0.0,0.0
NC_004663_1_ms_b_tim_medium_gapseq_open_TF_cpd15269_NC_004663_1_ms_b_tim_medium_gapseq_open_e0,NC_004663_1_ms_b_tim_medium_gapseq_open_TF_cpd15269_NC_004663_1_ms_b_tim_medium_gapseq_open_e0,0.0,0.0
NC_004663_1_ms_b_tim_medium_gapseq_open_TF_cpd01113_NC_004663_1_ms_b_tim_medium_gapseq_open_e0,NC_004663_1_ms_b_tim_medium_gapseq_open_TF_cpd01113_NC_004663_1_ms_b_tim_medium_gapseq_open_e0,0.0,0.0
NC_004663_1_ms_b_tim_medium_gapseq_open_TF_cpd03846_NC_004663_1_ms_b_tim_medium_gapseq_open_e0,NC_004663_1_ms_b_tim_medium_gapseq_open_TF_cpd03846_NC_004663_1_ms_b_tim_medium_gapseq_open_e0,0.0,0.0
NC_004663_1_ms_b_tim_medium_gapseq_open_TF_cpd00531_NC_004663_1_ms_b_tim_medium_gapseq_open_e0,NC_004663_1_ms_b_tim_medium_gapseq_open_TF_cpd00531_NC_004663_1_ms_b_tim_medium_gapseq_open_e0,0.0,0.0
NC_004663_1_ms_b_tim_medium_gapseq_open_TF_cpd01399_NC_004663_1_ms_b_tim_medium_gapseq_open_e0,NC_004663_1_ms_b_tim_medium_gapseq_open_TF_cpd01399_NC_004663_1_ms_b_tim_medium_gapseq_open_e0,0.0,1.186525945851694e-13
NC_004663_1_ms_b_tim_medium_gapseq_open_TF_cpd00254_NC_004663_1_ms_b_tim_medium_gapseq_open_e0,NC_004663_1_ms_b_tim_medium_gapseq_open_TF_cpd00254_NC_004663_1_ms_b_tim_medium_gapseq_open_e0,-0.001281034957586312,-0.001281034957586405
NC_004663_1_ms_b_tim_medium_gapseq_open_TF_cpd00794_NC_004663_1_ms_b_tim_medium_gapseq_open_e0,NC_004663_1_ms_b_tim_medium_gapseq_open_TF_cpd00794_NC_004663_1_ms_b_tim_medium_gapseq_open_e0,0.0,-1.1118341879993086e-27
NC_004663_1_ms_b_tim_medium_gapseq_open_TF_cpd00305_NC_004663_1_ms_b_tim_medium_gapseq_open_e0,NC_004663_1_ms_b_tim_medium_gapseq_open_TF_cpd00305_NC_004663_1_ms_b_tim_medium_gapseq_open_e0,0.0,1.8086868455256829e-13
NC_004663_1_ms_b_tim_medium_gapseq_open_TF_cpd00076_NC_004663_1_ms_b_tim_medium_gapseq_open_e0,NC_004663_1_ms_b_tim_medium_gapseq_open_TF_cpd00076_NC_004663_1_ms_b_tim_medium_gapseq_open_e0,0.0,0.0
NC_004663_1_ms_b_tim_medium_gapseq_open_TF_cpd00082_NC_004663_1_ms_b_tim_medium_gapseq_open_e0,NC_004663_1_ms_b_tim_medium_gapseq_open_TF_cpd00082_NC_004663_1_ms_b_tim_medium_gapseq_open_e0,-0.02004008015846293,-0.020040080173361466
NC_004663_1_ms_b_tim_medium_gapseq_open_TF_cpd04097_NC_004663_1_ms_b_tim_medium_gapseq_open_e0,NC_004663_1_ms_b_tim_medium_gapseq_open_TF_cpd04097_NC_004663_1_ms_b_tim_medium_gapseq_open_e0,0.0,0.0
NC_004663_1_ms_b_tim_medium_gapseq_open_TF_cpd00185_NC_004663_1_ms_b_tim_medium_gapseq_open_e0,NC_004663_1_ms_b_tim_medium_gapseq_open_TF_cpd00185_NC_004663_1_ms_b_tim_medium_gapseq_open_e0,0.0,0.0
NC_004663_1_ms_b_tim_medium_gapseq_open_TF_cpd00010_NC_004663_1_ms_b_tim_medium_gapseq_open_e0,NC_004663_1_ms_b_tim_medium_gapseq_open_TF_cpd00010_NC_004663_1_ms_b_tim_medium_gapseq_open_e0,9.884766631932888e-05,9.884766678763674e-05
NC_004663_1_ms_b_tim_medium_gapseq_open_TF_cpd15494_NC_004663_1_ms_b_tim_medium_gapseq_open_e0,NC_004663_1_ms_b_tim_medium_gapseq_open_TF_cpd15494_NC_004663_1_ms_b_tim_medium_gapseq_open_e0,0.0,9.33434258165352e-13
NC_004663_1_ms_b_tim_medium_gapseq_open_TF_cpd11976_NC_004663_1_ms_b_tim_medium_gapseq_open_e0,NC_004663_1_ms_b_tim_medium_gapseq_open_TF_cpd11976_NC_004663_1_ms_b_tim_medium_gapseq_open_e0,0.0,0.0
NC_004663_1_ms_b_tim_medium_gapseq_open_TF_cpd00832_NC_004663_1_ms_b_tim_medium_gapseq_open_e0,NC_004663_1_ms_b_tim_medium_gapseq_open_TF_cpd00832_NC_004663_1_ms_b_tim_medium_gapseq_open_e0,0.0,0.0
NC_004663_1_ms_b_tim_medium_gapseq_open_TF_cpd00100_NC_004663_1_ms_b_tim_medium_gapseq_open_e0,NC_004663_1_ms_b_tim_medium_gapseq_open_TF_cpd00100_NC_004663_1_ms_b_tim_medium_gapseq_open_e0,2.5000000000349476,2.5
NC_004663_1_ms_b_tim_medium_gapseq_open_TF_cpd00306_NC_004663_1_ms_b_tim_medium_gapseq_open_e0,NC_004663_1_ms_b_tim_medium_gapseq_open_TF_cpd00306_NC_004663_1_ms_b_tim_medium_gapseq_open_e0,0.0,1.9572973305715004e-13
NC_004663_1_ms_b_tim_medium_gapseq_open_TF_cpd00314_NC_004663_1_ms_b_tim_medium_gapseq_open_e0,NC_004663_1_ms_b_tim_medium_gapseq_open_TF_cpd00314_NC_004663_1_ms_b_tim_medium_gapseq_open_e0,0.0,6.9132970376539226e-12
NC_004663_1_ms_b_tim_medium_gapseq_open_TF_cpd00158_NC_004663_1_ms_b_tim_medium_gapseq_open_e0,NC_004663_1_ms_b_tim_medium_gapseq_open_TF_cpd00158_NC_004663_1_ms_b_tim_medium_gapseq_open_e0,0.0,0.0
NC_004663_1_ms_b_tim_medium_gapseq_open_TF_cpd11451_NC_004663_1_ms_b_tim_medium_gapseq_open_e0,NC_004663_1_ms_b_tim_medium_gapseq_open_TF_cpd11451_NC_004663_1_ms_b_tim_medium_gapseq_open_e0,0.21032227716157678,0.21032227716425866
NC_004663_1_ms_b_tim_medium_gapseq_open_TF_cpd11606_NC_004663_1_ms_b_tim_medium_gapseq_open_e0,NC_004663_1_ms_b_tim_medium_gapseq_open_TF_cpd11606_NC_004663_1_ms_b_tim_medium_gapseq_open_e0,-0.2103222771420632,-0.21032227739839313
NC_004663_1_ms_b_tim_medium_gapseq_open_TF_cpd17026_NC_004663_1_ms_b_tim_medium_gapseq_open_e0,NC_004663_1_ms_b_tim_medium_gapseq_open_TF_cpd17026_NC_004663_1_ms_b_tim_medium_gapseq_open_e0,-2.0331650857842627e-28,0.0
NC_004663_1_ms_b_tim_medium_gapseq_open_TF_cpd17027_NC_004663_1_ms_b_tim_medium_gapseq_open_e0,NC_004663_1_ms_b_tim_medium_gapseq_open_TF_cpd17027_NC_004663_1_ms_b_tim_medium_gapseq_open_e0,0.0,0.0
NC_004663_1_ms_b_tim_medium_gapseq_open_TF_cpd01048_NC_004663_1_ms_b_tim_medium_gapseq_open_e0,NC_004663_1_ms_b_tim_medium_gapseq_open_TF_cpd01048_NC_004663_1_ms_b_tim_medium_gapseq_open_e0,0.0,0.0
NC_004663_1_ms_b_tim_medium_gapseq_open_TF_cpd01133_NC_004663_1_ms_b_tim_medium_gapseq_open_e0,NC_004663_1_ms_b_tim_medium_gapseq_open_TF_cpd01133_NC_004663_1_ms_b_tim_medium_gapseq_open_e0,0.0,2.7902296008025336e-13
NC_004663_1_ms_b_tim_medium_gapseq_open_TF_cpd02733_NC_004663_1_ms_b_tim_medium_gapseq_open_e0,NC_004663_1_ms_b_tim_medium_gapseq_open_TF_cpd02733_NC_004663_1_ms_b_tim_medium_gapseq_open_e0,0.0,0.0
NC_004663_1_ms_b_tim_medium_gapseq_open_TF_cpd01354_NC_004663_1_ms_b_tim_medium_gapseq_open_e0,NC_004663_1_ms_b_tim_medium_gapseq_open_TF_cpd01354_NC_004663_1_ms_b_tim_medium_gapseq_open_e0,0.0,0.0
NC_004663_1_ms_b_tim_medium_gapseq_open_TF_cpd03808_NC_004663_1_ms_b_tim_medium_gapseq_open_e0,NC_004663_1_ms_b_tim_medium_gapseq_open_TF_cpd03808_NC_004663_1_ms_b_tim_medium_gapseq_open_e0,0.0,2.0605679441153232e-12
NC_004663_1_ms_b_tim_medium_gapseq_open_TF_cpd00001_NC_004663_1_ms_b_tim_medium_gapseq_open_e0,NC_004663_1_ms_b_tim_medium_gapseq_open_TF_cpd00001_NC_004663_1_ms_b_tim_medium_gapseq_open_e0,-7.500000000005358,-7.499999999990589
NC_004663_1_ms_b_tim_medium_gapseq_open_TF_cpd11842_NC_004663_1_ms_b_tim_medium_gapseq_open_e0,NC_004663_1_ms_b_tim_medium_gapseq_open_TF_cpd11842_NC_004663_1_ms_b_tim_medium_gapseq_open_e0,0.0,0.0
NC_004663_1_ms_b_tim_medium_gapseq_open_TF_cpd00122_NC_004663_1_ms_b_tim_medium_gapseq_open_e0,NC_004663_1_ms_b_tim_medium_gapseq_open_TF_cpd00122_NC_004663_1_ms_b_tim_medium_gapseq_open_e0,0.0,0.0
NC_004663_1_ms_b_tim_medium_gapseq_open_TF_cpd21520_NC_004663_1_ms_b_tim_medium_gapseq_open_e0,NC_004663_1_ms_b_tim_medium_gapseq_open_TF_cpd21520_NC_004663_1_ms_b_tim_medium_gapseq_open_e0,0.0,0.0
NC_004663_1_ms_b_tim_medium_gapseq_open_TF_cpd02992_NC_004663_1_ms_b_tim_medium_gapseq_open_e0,NC_004663_1_ms_b_tim_medium_gapseq_open_TF_cpd02992_NC_004663_1_ms_b_tim_medium_gapseq_open_e0,0.0,0.0
NC_004663_1_ms_b_tim_medium_gapseq_open_TF_cpd90017_NC_004663_1_ms_b_tim_medium_gapseq_open_e0,NC_004663_1_ms_b_tim_medium_gapseq_open_TF_cpd90017_NC_004663_1_ms_b_tim_medium_gapseq_open_e0,0.0,0.0
NC_004663_1_ms_b_tim_medium_gapseq_open_TF_cpd90003_NC_004663_1_ms_b_tim_medium_gapseq_open_e0,NC_004663_1_ms_b_tim_medium_gapseq_open_TF_cpd90003_NC_004663_1_ms_b_tim_medium_gapseq_open_e0,0.0,0.0
NC_004663_1_ms_b_tim_medium_gapseq_open_TF_cpd90004_NC_004663_1_ms_b_tim_medium_gapseq_open_e0,NC_004663_1_ms_b_tim_medium_gapseq_open_TF_cpd90004_NC_004663_1_ms_b_tim_medium_gapseq_open_e0,0.0,0.0
NC_004663_1_ms_b_tim_medium_gapseq_open_TF_cpd90008_NC_004663_1_ms_b_tim_medium_gapseq_open_e0,NC_004663_1_ms_b_tim_medium_gapseq_open_TF_cpd90008_NC_004663_1_ms_b_tim_medium_gapseq_open_e0,0.0,-1.9815708646236087e-16
NC_004663_1_ms_b_tim_medium_gapseq_open_TF_cpd90005_NC_004663_1_ms_b_tim_medium_gapseq_open_e0,NC_004663_1_ms_b_tim_medium_gapseq_open_TF_cpd90005_NC_004663_1_ms_b_tim_medium_gapseq_open_e0,0.0,0.0
NC_004663_1_ms_b_tim_medium_gapseq_open_TF_cpd90007_NC_004663_1_ms_b_tim_medium_gapseq_open_e0,NC_004663_1_ms_b_tim_medium_gapseq_open_TF_cpd90007_NC_004663_1_ms_b_tim_medium_gapseq_open_e0,0.0,9.305334254840075e-13
NC_004663_1_ms_b_tim_medium_gapseq_open_TF_cpd90006_NC_004663_1_ms_b_tim_medium_gapseq_open_e0,NC_004663_1_ms_b_tim_medium_gapseq_open_TF_cpd90006_NC_004663_1_ms_b_tim_medium_gapseq_open_e0,0.0,0.0
NC_004663_1_ms_b_tim_medium_gapseq_open_TF_cpd00526_NC_004663_1_ms_b_tim_medium_gapseq_open_e0,NC_004663_1_ms_b_tim_medium_gapseq_open_TF_cpd00526_NC_004663_1_ms_b_tim_medium_gapseq_open_e0,0.0,0.0
NC_004663_1_ms_b_tim_medium_gapseq_open_TF_cpd02829_NC_004663_1_ms_b_tim_medium_gapseq_open_e0,NC_004663_1_ms_b_tim_medium_gapseq_open_TF_cpd02829_NC_004663_1_ms_b_tim_medium_gapseq_open_e0,0.0,0.0
NC_004663_1_ms_b_tim_medium_gapseq_open_TF_cpd23431_NC_004663_1_ms_b_tim_medium_gapseq_open_e0,NC_004663_1_ms_b_tim_medium_gapseq_open_TF_cpd23431_NC_004663_1_ms_b_tim_medium_gapseq_open_e0,0.0,0.0
NC_004663_1_ms_b_tim_medium_gapseq_open_TF_cpd23430_NC_004663_1_ms_b_tim_medium_gapseq_open_e0,NC_004663_1_ms_b_tim_medium_gapseq_open_TF_cpd23430_NC_004663_1_ms_b_tim_medium_gapseq_open_e0,0.0,0.0
NC_004663_1_ms_b_tim_medium_gapseq_open_TF_cpd01663_NC_004663_1_ms_b_tim_medium_gapseq_open_e0,NC_004663_1_ms_b_tim_medium_gapseq_open_TF_cpd01663_NC_004663_1_ms_b_tim_medium_gapseq_open_e0,0.0,6.99185863092438e-32
NC_004663_1_ms_b_tim_medium_gapseq_open_TF_cpd35610_NC_004663_1_ms_b_tim_medium_gapseq_open_e0,NC_004663_1_ms_b_tim_medium_gapseq_open_TF_cpd35610_NC_004663_1_ms_b_tim_medium_gapseq_open_e0,0.0,-6.120642995251286e-32
NC_004663_1_ms_b_tim_medium_gapseq_open_TF_cpd90020_NC_004663_1_ms_b_tim_medium_gapseq_open_e0,NC_004663_1_ms_b_tim_medium_gapseq_open_TF_cpd90020_NC_004663_1_ms_b_tim_medium_gapseq_open_e0,-0.0200400801603206,-0.02004008016032315
NC_004663_1_ms_b_tim_medium_gapseq_open_TF_cpd90022_NC_004663_1_ms_b_tim_medium_gapseq_open_e0,NC_004663_1_ms_b_tim_medium_gapseq_open_TF_cpd90022_NC_004663_1_ms_b_tim_medium_gapseq_open_e0,0.0,0.0
NC_004663_1_ms_b_tim_medium_gapseq_open_TF_cpd00011_NC_004663_1_ms_b_tim_medium_gapseq_open_e0,NC_004663_1_ms_b_tim_medium_gapseq_open_TF_cpd00011_NC_004663_1_ms_b_tim_medium_gapseq_open_e0,2.1474759734097284,2.5000000000000013
NC_004663_1_ms_b_tim_medium_gapseq_open_TF_cpd00007_NC_004663_1_ms_b_tim_medium_gapseq_open_e0,NC_004663_1_ms_b_tim_medium_gapseq_open_TF_cpd00007_NC_004663_1_ms_b_tim_medium_gapseq_open_e0,0.0,0.0
NC_004663_1_ms_b_tim_medium_gapseq_open_TF_cpd01981_NC_004663_1_ms_b_tim_medium_gapseq_open_e0,NC_004663_1_ms_b_tim_medium_gapseq_open_TF_cpd01981_NC_004663_1_ms_b_tim_medium_gapseq_open_e0,0.0,5.05893195467959e-13
NC_004663_1_ms_b_tim_medium_gapseq_open_TF_cpd00141_NC_004663_1_ms_b_tim_medium_gapseq_open_e0,NC_004663_1_ms_b_tim_medium_gapseq_open_TF_cpd00141_NC_004663_1_ms_b_tim_medium_gapseq_open_e0,-2.0033370032079607,-1.1569926640860397
NC_004663_1_ms_b_tim_medium_gapseq_open_TF_cpd00073_NC_004663_1_ms_b_tim_medium_gapseq_open_e0,NC_004663_1_ms_b_tim_medium_gapseq_open_TF_cpd00073_NC_004663_1_ms_b_tim_medium_gapseq_open_e0,0.0,0.0
NC_004663_1_ms_b_tim_medium_gapseq_open_TF_cpd01861_NC_004663_1_ms_b_tim_medium_gapseq_open_e0,NC_004663_1_ms_b_tim_medium_gapseq_open_TF_cpd01861_NC_004663_1_ms_b_tim_medium_gapseq_open_e0,-5.649858634567472e-16,1.412464658641868e-15
NC_004663_1_ms_b_tim_medium_gapseq_open_TF_cpd00453_NC_004663_1_ms_b_tim_medium_gapseq_open_e0,NC_004663_1_ms_b_tim_medium_gapseq_open_TF_cpd00453_NC_004663_1_ms_b_tim_medium_gapseq_open_e0,1.186470313259169e-14,5.649858634567472e-16
NC_004663_1_ms_b_tim_medium_gapseq_open_TF_cpd00071_NC_004663_1_ms_b_tim_medium_gapseq_open_e0,NC_004663_1_ms_b_tim_medium_gapseq_open_TF_cpd00071_NC_004663_1_ms_b_tim_medium_gapseq_open_e0,-2.5000000000000004,-2.4999999999541593
NC_004663_1_ms_b_tim_medium_gapseq_open_TF_cpd00150_NC_004663_1_ms_b_tim_medium_gapseq_open_e0,NC_004663_1_ms_b_tim_medium_gapseq_open_TF_cpd00150_NC_004663_1_ms_b_tim_medium_gapseq_open_e0,0.0,0.0
NC_004663_1_ms_b_tim_medium_gapseq_open_TF_cpd08021_NC_004663_1_ms_b_tim_medium_gapseq_open_e0,NC_004663_1_ms_b_tim_medium_gapseq_open_TF_cpd08021_NC_004663_1_ms_b_tim_medium_gapseq_open_e0,0.0,0.0
NC_004663_1_ms_b_tim_medium_gapseq_open_TF_cpd00450_NC_004663_1_ms_b_tim_medium_gapseq_open_e0,NC_004663_1_ms_b_tim_medium_gapseq_open_TF_cpd00450_NC_004663_1_ms_b_tim_medium_gapseq_open_e0,0.0,0.0
NC_004663_1_ms_b_tim_medium_gapseq_open_TF_cpd00363_NC_004663_1_ms_b_tim_medium_gapseq_open_e0,NC_004663_1_ms_b_tim_medium_gapseq_open_TF_cpd00363_NC_004663_1_ms_b_tim_medium_gapseq_open_e0,2.4999999998831224,2.5000000000004334
NC_004663_1_ms_b_tim_medium_gapseq_open_TF_cpd00055_NC_004663_1_ms_b_tim_medium_gapseq_open_e0,NC_004663_1_ms_b_tim_medium_gapseq_open_TF_cpd00055_NC_004663_1_ms_b_tim_medium_gapseq_open_e0,-6.109375011768301e-11,6.698428500203317e-13
NC_004663_1_ms_b_tim_medium_gapseq_open_TF_cpd00448_NC_004663_1_ms_b_tim_medium_gapseq_open_e0,NC_004663_1_ms_b_tim_medium_gapseq_open_TF_cpd00448_NC_004663_1_ms_b_tim_medium_gapseq_open_e0,-1.838366196953945,-1.8383661966186762
NC_004663_1_ms_b_tim_medium_gapseq_open_TF_cpd00025_NC_004663_1_ms_b_tim_medium_gapseq_open_e0,NC_004663_1_ms_b_tim_medium_gapseq_open_TF_cpd00025_NC_004663_1_ms_b_tim_medium_gapseq_open_e0,2.394088170855193e-15,-2.8560292713965053e-28
NC_004663_1_ms_b_tim_medium_gapseq_open_TF_cpd00239_NC_004663_1_ms_b_tim_medium_gapseq_open_e0,NC_004663_1_ms_b_tim_medium_gapseq_open_TF_cpd00239_NC_004663_1_ms_b_tim_medium_gapseq_open_e0,2.483247615285623,2.4832476153173078
NC_004663_1_ms_b_tim_medium_gapseq_open_TF_cpd11640_NC_004663_1_ms_b_tim_medium_gapseq_open_e0,NC_004663_1_ms_b_tim_medium_gapseq_open_TF_cpd11640_NC_004663_1_ms_b_tim_medium_gapseq_open_e0,2.4999999999565543,2.5000000000000004
NC_004663_1_ms_b_tim_medium_gapseq_open_TF_cpd00359_NC_004663_1_ms_b_tim_medium_gapseq_open_e0,NC_004663_1_ms_b_tim_medium_gapseq_open_TF_cpd00359_NC_004663_1_ms_b_tim_medium_gapseq_open_e0,0.039724751979491865,0.0397247519914995
NC_004663_1_ms_b_tim_medium_gapseq_open_TF_cpd00659_NC_004663_1_ms_b_tim_medium_gapseq_open_e0,NC_004663_1_ms_b_tim_medium_gapseq_open_TF_cpd00659_NC_004663_1_ms_b_tim_medium_gapseq_open_e0,0.0,0.0
NC_004663_1_ms_b_tim_medium_gapseq_open_TF_cpd00418_NC_004663_1_ms_b_tim_medium_gapseq_open_e0,NC_004663_1_ms_b_tim_medium_gapseq_open_TF_cpd00418_NC_004663_1_ms_b_tim_medium_gapseq_open_e0,0.0,0.0
NC_004663_1_ms_b_tim_medium_gapseq_open_TF_cpd00371_NC_004663_1_ms_b_tim_medium_gapseq_open_e0,NC_004663_1_ms_b_tim_medium_gapseq_open_TF_cpd00371_NC_004663_1_ms_b_tim_medium_gapseq_open_e0,0.0,0.0
NC_004663_1_ms_b_tim_medium_gapseq_open_TF_cpd00811_NC_004663_1_ms_b_tim_medium_gapseq_open_e0,NC_004663_1_ms_b_tim_medium_gapseq_open_TF_cpd00811_NC_004663_1_ms_b_tim_medium_gapseq_open_e0,0.0,0.0
NC_004663_1_ms_b_tim_medium_gapseq_open_TF_cpd00324_NC_004663_1_ms_b_tim_medium_gapseq_open_e0,NC_004663_1_ms_b_tim_medium_gapseq_open_TF_cpd00324_NC_004663_1_ms_b_tim_medium_gapseq_open_e0,2.4722996576704634,2.472299657810525
NC_004663_1_ms_b_tim_medium_gapseq_open_TF_cpd01024_NC_004663_1_ms_b_tim_medium_gapseq_open_e0,NC_004663_1_ms_b_tim_medium_gapseq_open_TF_cpd01024_NC_004663_1_ms_b_tim_medium_gapseq_open_e0,0.0,0.0
NC_004663_1_ms_b_tim_medium_gapseq_open_TF_cpd00204_NC_004663_1_ms_b_tim_medium_gapseq_open_e0,NC_004663_1_ms_b_tim_medium_gapseq_open_TF_cpd00204_NC_004663_1_ms_b_tim_medium_gapseq_open_e0,0.0,1.2454582894397014e-12
NC_004663_1_ms_b_tim_medium_gapseq_open_TF_cpd00116_NC_004663_1_ms_b_tim_medium_gapseq_open_e0,NC_004663_1_ms_b_tim_medium_gapseq_open_TF_cpd00116_NC_004663_1_ms_b_tim_medium_gapseq_open_e0,-3.2889483218168025e-12,0.0
NC_004663_1_ms_b_tim_medium_gapseq_open_TF_cpd00528_NC_004663_1_ms_b_tim_medium_gapseq_open_e0,NC_004663_1_ms_b_tim_medium_gapseq_open_TF_cpd00528_NC_004663_1_ms_b_tim_medium_gapseq_open_e0,0.0,0.0
NC_004663_1_ms_b_tim_medium_gapseq_open_TF_cpd11632_NC_004663_1_ms_b_tim_medium_gapseq_open_e0,NC_004663_1_ms_b_tim_medium_gapseq_open_TF_cpd11632_NC_004663_1_ms_b_tim_medium_gapseq_open_e0,0.0,0.0
NC_004663_1_ms_b_tim_medium_gapseq_open_TF_cpd03662_NC_004663_1_ms_b_tim_medium_gapseq_open_e0,NC_004663_1_ms_b_tim_medium_gapseq_open_TF_cpd03662_NC_004663_1_ms_b_tim_medium_gapseq_open_e0,0.0,0.0
NC_004663_1_ms_b_tim_medium_gapseq_open_TF_cpd00178_NC_004663_1_ms_b_tim_medium_gapseq_open_e0,NC_004663_1_ms_b_tim_medium_gapseq_open_TF_cpd00178_NC_004663_1_ms_b_tim_medium_gapseq_open_e0,0.0,0.0
NC_004663_1_ms_b_tim_medium_gapseq_open_TF_cpd01618_NC_004663_1_ms_b_tim_medium_gapseq_open_e0,NC_004663_1_ms_b_tim_medium_gapseq_open_TF_cpd01618_NC_004663_1_ms_b_tim_medium_gapseq_open_e0,0.0,0.0
NC_004663_1_ms_b_tim_medium_gapseq_open_TF_cpd00211_NC_004663_1_ms_b_tim_medium_gapseq_open_e0,NC_004663_1_ms_b_tim_medium_gapseq_open_TF_cpd00211_NC_004663_1_ms_b_tim_medium_gapseq_open_e0,-1.1621792382282263e-15,1.8383351190294084e-11
NC_004663_1_ms_b_tim_medium_gapseq_open_TF_cpd00054_NC_004663_1_ms_b_tim_medium_gapseq_open_e0,NC_004663_1_ms_b_tim_medium_gapseq_open_TF_cpd00054_NC_004663_1_ms_b_tim_medium_gapseq_open_e0,0.0,8.304989826263894e-12
NC_004663_1_ms_b_tim_medium_gapseq_open_TF_cpd00156_NC_004663_1_ms_b_tim_medium_gapseq_open_e0,NC_004663_1_ms_b_tim_medium_gapseq_open_TF_cpd00156_NC_004663_1_ms_b_tim_medium_gapseq_open_e0,0.0,0.0
NC_004663_1_ms_b_tim_medium_gapseq_open_TF_cpd00220_NC_004663_1_ms_b_tim_medium_gapseq_open_e0,NC_004663_1_ms_b_tim_medium_gapseq_open_TF_cpd00220_NC_004663_1_ms_b_tim_medium_gapseq_open_e0,-0.0013862345505270073,-0.001386234551016923
NC_004663_1_ms_b_tim_medium_gapseq_open_TF_cpd00751_NC_004663_1_ms_b_tim_medium_gapseq_open_e0,NC_004663_1_ms_b_tim_medium_gapseq_open_TF_cpd00751_NC_004663_1_ms_b_tim_medium_gapseq_open_e0,0.0,6.139860153014974e-13
NC_004663_1_ms_b_tim_medium_gapseq_open_TF_cpd00588_NC_004663_1_ms_b_tim_medium_gapseq_open_e0,NC_004663_1_ms_b_tim_medium_gapseq_open_TF_cpd00588_NC_004663_1_ms_b_tim_medium_gapseq_open_e0,0.0,6.211423559474948e-12
NC_004663_1_ms_b_tim_medium_gapseq_open_TF_cpd00161_NC_004663_1_ms_b_tim_medium_gapseq_open_e0,NC_004663_1_ms_b_tim_medium_gapseq_open_TF_cpd00161_NC_004663_1_ms_b_tim_medium_gapseq_open_e0,0.13876918902575672,0.1387691890314777
NC_004663_1_ms_b_tim_medium_gapseq_open_TF_cpd00249_NC_004663_1_ms_b_tim_medium_gapseq_open_e0,NC_004663_1_ms_b_tim_medium_gapseq_open_TF_cpd00249_NC_004663_1_ms_b_tim_medium_gapseq_open_e0,-2.119896966083073e-12,2.3706998208735932e-12
NC_004663_1_ms_b_tim_medium_gapseq_open_TF_cpd00164_NC_004663_1_ms_b_tim_medium_gapseq_open_e0,NC_004663_1_ms_b_tim_medium_gapseq_open_TF_cpd00164_NC_004663_1_ms_b_tim_medium_gapseq_open_e0,0.0,1.5445779973708891e-12
NC_004663_1_ms_b_tim_medium_gapseq_open_TF_cpd00105_NC_004663_1_ms_b_tim_medium_gapseq_open_e0,NC_004663_1_ms_b_tim_medium_gapseq_open_TF_cpd00105_NC_004663_1_ms_b_tim_medium_gapseq_open_e0,0.0,6.181461654972032e-12
NC_004663_1_ms_b_tim_medium_gapseq_open_TF_cpd00038_NC_004663_1_ms_b_tim_medium_gapseq_open_e0,NC_004663_1_ms_b_tim_medium_gapseq_open_TF_cpd00038_NC_004663_1_ms_b_tim_medium_gapseq_open_e0,0.0,2.464939698148985e-12
NC_004663_1_ms_b_tim_medium_gapseq_open_TF_cpd00080_NC_004663_1_ms_b_tim_medium_gapseq_open_e0,NC_004663_1_ms_b_tim_medium_gapseq_open_TF_cpd00080_NC_004663_1_ms_b_tim_medium_gapseq_open_e0,0.0,3.696778420333705e-12
NC_004663_1_ms_b_tim_medium_gapseq_open_TF_cpd00210_NC_004663_1_ms_b_tim_medium_gapseq_open_e0,NC_004663_1_ms_b_tim_medium_gapseq_open_TF_cpd00210_NC_004663_1_ms_b_tim_medium_gapseq_open_e0,0.0,0.0
NC_004663_1_ms_b_tim_medium_gapseq_open_TF_cpd00277_NC_004663_1_ms_b_tim_medium_gapseq_open_e0,NC_004663_1_ms_b_tim_medium_gapseq_open_TF_cpd00277_NC_004663_1_ms_b_tim_medium_gapseq_open_e0,-0.0724477845570294,1.3841985921451447
NC_004663_1_ms_b_tim_medium_gapseq_open_TF_cpd00412_NC_004663_1_ms_b_tim_medium_gapseq_open_e0,NC_004663_1_ms_b_tim_medium_gapseq_open_TF_cpd00412_NC_004663_1_ms_b_tim_medium_gapseq_open_e0,0.0,2.1497673662254333
NC_004663_1_ms_b_tim_medium_gapseq_open_TF_cpd00069_NC_004663_1_ms_b_tim_medium_gapseq_open_e0,NC_004663_1_ms_b_tim_medium_gapseq_open_TF_cpd00069_NC_004663_1_ms_b_tim_medium_gapseq_open_e0,0.08136301827056229,0.0813630182902368
NC_004663_1_ms_b_tim_medium_gapseq_open_TF_cpd00081_NC_004663_1_ms_b_tim_medium_gapseq_open_e0,NC_004663_1_ms_b_tim_medium_gapseq_open_TF_cpd00081_NC_004663_1_ms_b_tim_medium_gapseq_open_e0,0.0,1.3606036236536823e-11
NC_004663_1_ms_b_tim_medium_gapseq_open_TF_cpd00003_NC_004663_1_ms_b_tim_medium_gapseq_open_e0,NC_004663_1_ms_b_tim_medium_gapseq_open_TF_cpd00003_NC_004663_1_ms_b_tim_medium_gapseq_open_e0,0.1785834734282709,0.17858347343893588
NC_004663_1_ms_b_tim_medium_gapseq_open_TF_cpd00281_NC_004663_1_ms_b_tim_medium_gapseq_open_e0,NC_004663_1_ms_b_tim_medium_gapseq_open_TF_cpd00281_NC_004663_1_ms_b_tim_medium_gapseq_open_e0,0.0,-1.680363419446369e-11
NC_004663_1_ms_b_tim_medium_gapseq_open_TF_cpd00644_NC_004663_1_ms_b_tim_medium_gapseq_open_e0,NC_004663_1_ms_b_tim_medium_gapseq_open_TF_cpd00644_NC_004663_1_ms_b_tim_medium_gapseq_open_e0,0.0,1.888858021801207e-12
NC_004663_1_ms_b_tim_medium_gapseq_open_TF_cpd00393_NC_004663_1_ms_b_tim_medium_gapseq_open_e0,NC_004663_1_ms_b_tim_medium_gapseq_open_TF_cpd00393_NC_004663_1_ms_b_tim_medium_gapseq_open_e0,-0.0020793518257916288,-0.00207935182520932
NC_004663_1_ms_b_tim_medium_gapseq_open_TF_cpd03198_NC_004663_1_ms_b_tim_medium_gapseq_open_e0,NC_004663_1_ms_b_tim_medium_gapseq_open_TF_cpd03198_NC_004663_1_ms_b_tim_medium_gapseq_open_e0,0.0,-6.830421419114736e-13
NC_004663_1_ms_b_tim_medium_gapseq_open_TF_cpd00020_NC_004663_1_ms_b_tim_medium_gapseq_open_e0,NC_004663_1_ms_b_tim_medium_gapseq_open_TF_cpd00020_NC_004663_1_ms_b_tim_medium_gapseq_open_e0,0.0,9.111417500611219e-12
NC_004663_1_ms_b_tim_medium_gapseq_open_TF_cpd00232_NC_004663_1_ms_b_tim_medium_gapseq_open_e0,NC_004663_1_ms_b_tim_medium_gapseq_open_TF_cpd00232_NC_004663_1_ms_b_tim_medium_gapseq_open_e0,0.0,1.1658658098345787e-12
NC_004663_1_ms_b_tim_medium_gapseq_open_TF_cpd01318_NC_004663_1_ms_b_tim_medium_gapseq_open_e0,NC_004663_1_ms_b_tim_medium_gapseq_open_TF_cpd01318_NC_004663_1_ms_b_tim_medium_gapseq_open_e0,0.0,1.2704627207885259e-31
NC_004663_1_ms_b_tim_medium_gapseq_open_TF_cpd03047_NC_004663_1_ms_b_tim_medium_gapseq_open_e0,NC_004663_1_ms_b_tim_medium_gapseq_open_TF_cpd03047_NC_004663_1_ms_b_tim_medium_gapseq_open_e0,0.0,0.0
NC_004663_1_ms_b_tim_medium_gapseq_open_TF_cpd03247_NC_004663_1_ms_b_tim_medium_gapseq_open_e0,NC_004663_1_ms_b_tim_medium_gapseq_open_TF_cpd03247_NC_004663_1_ms_b_tim_medium_gapseq_open_e0,-3.7665418236115055e-12,-2.713400919724963e-18
NC_004663_1_ms_b_tim_medium_gapseq_open_TF_cpd00152_NC_004663_1_ms_b_tim_medium_gapseq_open_e0,NC_004663_1_ms_b_tim_medium_gapseq_open_TF_cpd00152_NC_004663_1_ms_b_tim_medium_gapseq_open_e0,0.0,1.5092537151122897e-11
NC_004663_1_ms_b_tim_medium_gapseq_open_TF_cpd00006_NC_004663_1_ms_b_tim_medium_gapseq_open_e0,NC_004663_1_ms_b_tim_medium_gapseq_open_TF_cpd00006_NC_004663_1_ms_b_tim_medium_gapseq_open_e0,0.0,2.4102435566892558e-12
NC_004663_1_ms_b_tim_medium_gapseq_open_TF_cpd03246_NC_004663_1_ms_b_tim_medium_gapseq_open_e0,NC_004663_1_ms_b_tim_medium_gapseq_open_TF_cpd03246_NC_004663_1_ms_b_tim_medium_gapseq_open_e0,0.0,0.0
EX_cpd00224_medium,EX_cpd00224_medium,0.0,3.462382561940312e-12
EX_cpd00184_medium,EX_cpd00184_medium,0.0,1.0279561382697614e-12
EX_cpd00130_medium,EX_cpd00130_medium,0.0,3.37140946065583e-11
EX_cpd00137_medium,EX_cpd00137_medium,0.0,-1.2795744605143068e-11
EX_cpd00139_medium,EX_cpd00139_medium,0.0,4.520903649346809e-13
EX_cpd04098_medium,EX_cpd04098_medium,0.0,0.0
EX_cpd00108_medium,EX_cpd00108_medium,0.0,1.071989603158582e-12
EX_cpd00276_medium,EX_cpd00276_medium,0.0,0.0
EX_cpd00222_medium,EX_cpd00222_medium,0.0,-4.743603558737415e-12
EX_cpd00208_medium,EX_cpd00208_medium,0.0,8.347917788851489e-13
EX_cpd00012_medium,EX_cpd00012_medium,2.499999994144197,2.5
EX_cpd00396_medium,EX_cpd00396_medium,0.0,1.985074293268942e-12
EX_cpd00154_medium,EX_cpd00154_medium,0.0,8.560956879095413e-12
EX_cpd00280_medium,EX_cpd00280_medium,0.0,0.0
EX_cpd00099_medium,EX_cpd00099_medium,-0.0012810349575866084,-0.0012810349575863762
EX_cpd01399_medium,EX_cpd01399_medium,0.0,0.0
EX_cpd00794_medium,EX_cpd00794_medium,0.0,1.2224517521718432e-12
EX_cpd00076_medium,EX_cpd00076_medium,0.0,0.0
EX_cpd00185_medium,EX_cpd00185_medium,0.0,0.0
EX_cpd15494_medium,EX_cpd15494_medium,0.0,0.0
EX_cpd11976_medium,EX_cpd11976_medium,0.0,0.0
EX_cpd00832_medium,EX_cpd00832_medium,0.0,6.228193849858115e-13
EX_cpd00306_medium,EX_cpd00306_medium,0.0,8.358872651758343e-13
EX_cpd00314_medium,EX_cpd00314_medium,0.0,-3.2453074544552406e-12
EX_cpd00158_medium,EX_cpd00158_medium,0.0,0.0
EX_cpd01048_medium,EX_cpd01048_medium,0.0,0.0
EX_cpd01133_medium,EX_cpd01133_medium,0.0,5.063749884760641e-13
EX_cpd02733_medium,EX_cpd02733_medium,0.0,0.0
EX_cpd01354_medium,EX_cpd01354_medium,0.0,0.0
EX_cpd03808_medium,EX_cpd03808_medium,0.0,0.0
EX_cpd11842_medium,EX_cpd11842_medium,0.0,0.0
EX_cpd00122_medium,EX_cpd00122_medium,0.0,-2.3840692331479128e-28
EX_cpd21520_medium,EX_cpd21520_medium,0.0,-1.9043205973655785e-27
EX_cpd02992_medium,EX_cpd02992_medium,0.0,0.0
EX_cpd90017_medium,EX_cpd90017_medium,0.0,0.0
EX_cpd90003_medium,EX_cpd90003_medium,0.0,0.0
EX_cpd90004_medium,EX_cpd90004_medium,0.0,0.0
EX_cpd90008_medium,EX_cpd90008_medium,0.0,0.0
EX_cpd90005_medium,EX_cpd90005_medium,0.0,0.0
EX_cpd90007_medium,EX_cpd90007_medium,0.0,0.0
EX_cpd90006_medium,EX_cpd90006_medium,0.0,0.0
EX_cpd02829_medium,EX_cpd02829_medium,0.0,0.0
EX_cpd23431_medium,EX_cpd23431_medium,0.0,5.2761746442587134e-12
EX_cpd23430_medium,EX_cpd23430_medium,0.0,0.0
EX_cpd35610_medium,EX_cpd35610_medium,0.0,0.0
EX_cpd90020_medium,EX_cpd90020_medium,-0.020040080160320644,-0.02004008016030777
EX_cpd00211_medium,EX_cpd00211_medium,0.0,3.368111650309223e-11
EX_cpd00751_medium,EX_cpd00751_medium,0.0,0.0
EX_cpd00588_medium,EX_cpd00588_medium,0.0,1.7550347949572032e-12
EX_cpd00164_medium,EX_cpd00164_medium,0.0,0.0
EX_cpd00081_medium,EX_cpd00081_medium,0.0,-1.609841180097732e-11
EX_cpd00038_medium,EX_cpd00038_medium,0.0,9.550785812327916e-13
EX_cpd00080_medium,EX_cpd00080_medium,0.0,2.328340007057309e-12
EX_cpd03198_medium,EX_cpd03198_medium,0.0,-1.867263883529286e-12
EX_cpd00020_medium,EX_cpd00020_medium,0.0,4.274478103783924e-12
EX_cpd00232_medium,EX_cpd00232_medium,0.0,1.9774602862669133e-12
EX_cpd00006_medium,EX_cpd00006_medium,0.0,1.7366944123128212e-12
EX_cpd03047_medium,EX_cpd03047_medium,0.0,5.620279545983518e-28
EX_cpd03246_medium,EX_cpd03246_medium,0.0,0.0
EX_cpd00152_medium,EX_cpd00152_medium,0.0,1.0616651256679088e-11
NC_004663_1_ms_b_tim_medium_gapseq_open_to_community_biomass,NC_004663_1_ms_b_tim_medium_gapseq_open_to_community_biomass,0.17562077171619425,0.17562077171621548
community_biomass,community_biomass,0.702483086864777,0.7024830868652302
